Movie_name,Movie_Genre,Movie_Certification,Release,Runtime,Lead_Actor,Lead_Actress,Movie_Critic_Rating,Movie_User_Rating,Movie_Synopsis,Movie_Full_Cast
Kannum Kannum Kollaiyadithaal,Thriller,U,28 Feb 2020,2 hrs 2 mins,Dulquer Salmaan,Ritu Varma,3.5,4.3,Desingh Periyasamy displays a flair for this material both in his writing and making.,"Dulquer Salmaan, Ritu Varma, Gautham Vasudev Menon, Niranjani Ahathain"
Oh My Kadavule,Comedy,UA,14 Feb 2020,2 hrs 31 mins,Ashok Selvan,Ritika Singh,3.5,3.4,"Despite some conventional turns, Oh My Kadavule is a refreshing romance.","Ashok Selvan, Ritika Singh, Vani Bhojan"
Psycho,Thriller,A,24 Jan 2020,2 hrs 14 mins,Udhayanidhi Stalin,Aditi Rao Hydari,3.5,3.3,First-rate filmmaking combines with perceptive writing to make 'Psycho' a unique experience.,"Udhayanidhi Stalin, Aditi Rao Hydari, Nithya Menen"
Dharala Prabhu,Comedy,UA,13 Mar 2020,2 hrs 2 mins,Harish Kalyan,Tanya Hope,3,3.3,A better background score and more effort on the emotional scenes would have made the movie a perfect remake.,"Harish Kalyan, Tanya Hope, Vivek"
Gypsy,Drama,UA,06 Mar 2020,2 hrs 25 mins,Jiiva,Natasha Singh,3,3.2,"Gypsy which talks about the politicisation of religion, is a film that couldn’t have come out at a better time.","Jiiva, Natasha Singh, Lal Jose, Sunny Wayne"
Baaram,Drama,A,21 Feb 2020,1 hr 32 mins,Ajiith,Adhini,3,3.3,"Baaram is more documentary-ish, with the director stripping away the drama in the plot as much as possible.","Adhini, Ajith"
Mafia: Chapter 1,Drama,UA,21 Feb 2020,2 hrs 2 mins,Arun Vijay,Priya Bhavani Shankar,3,3.2,"Mafia would appeal to fans of action movies, especially those which have stylish narcotics backdrop.","Arun Vijay, Prasanna, Priya Bhavani Sankar"
Seeru,Action,UA,07 Feb 2020,2 hrs 4 mins,Jiiva,Riya Suman,3,3.2,The director keeps the narration engaging with hardly any lull.,"Jiiva, Riya Suman, Sathish, Varun, navdeep"
Vaanam Kottattum,Drama,U,07 Feb 2020,2 hrs 18 mins,Vikram Prabhu,Aishwarya Rajesh,3,3.2,"Vaanam Kottatum is what you would get if a relationship drama with an ensemble cast, like Namma Veettu Pillai or Kadaikutty Singam, gets the Mani Ratnam treatment.","Vikram Prabhu, Aishwarya Rajesh, Madonna Sebastian, R. Sarathkumar, Radikaa Sarathkumar"
Darbar,Action,UA,09 Jan 2020,2 hrs 40 mins,Rajinikanth,Nayanthara,3,3.3,A commercial cocktail of action and drama,"Rajinikanth, Nayanthara, Prateik Babbar, Suniel Shetty, Nivetha Thomas, Yogi Babu, Thambi Ramaiah, Jatin Sarna, Nawab Shah, Dalip Tahil"
Penguin,Drama,UA,19 Jun 2020,2 hrs 12 mins,,Keerthy Suresh,2.5,2.8,"A pregnant woman goes in search of her first child, who has been missing for six years.","Keerthy Suresh, Mukhyamantri Chandru, Ragini Chandran, Siri Prahlad"
Velvet Nagaram,Thriller,U,06 Mar 2020,2 hrs 2 mins,,Varalaxmi Sarathkumar,2.5,2.9,The major positive aspect of the film is the realistic performances of all the artistes.,"Varalaxmi Sarathkumar, Prakash Raghavan, Kannan Ponnaiyah, Kasthuri Shankar, Madhan Kumar, Malavika Sundar"
Draupathi,Drama,UA,28 Feb 2020,2 hrs 39 mins,Nishanth,,2.5,2.9,The film isn’t as explosive as its trailer portrayed it to be.,"Nishanth, Richard Rishi, Aaru Bala, Jeeva Ravi, Karunas, Sheela"
God Father,Action,U,21 Feb 2020,2 hrs 2 mins,Natarajan Subramaniam,Ananya,2.5,2.9,"Godfather isn’t exactly a letdown, but it certainly doesn’t live up to the promise of its juicy premise.","Natarajan Subramaniam, Ananya, Lal, Ashwanth Ashokkumar, G. Marimuthu"
Naan Sirithal,Drama,U,14 Feb 2020,2 hrs 19 mins,Hiphop Tamizha,Iswarya Menon,2.5,2.9,Most of the comedy scenes fall flat and you don’t get enough reasons to empathise with the protagonist’s condition.,"Hiphop Tamizha, Iswarya Menon, K.S. Ravikumar, Munishkanth, Badava Gopi"
Naadodigal 2,Drama,UA,31 Jan 2020,2 hrs 16 mins,Sasikumar,Anjali,2.5,2.9,Naadodigal-2 often sacrifices story to drive home its message.,"M. Sasikumar, Anjali, Athulya Ravi, bharani"
Rajavukku Check,Drama,UA,24 Jan 2020,2 hrs 9 mins,Cheran,Srushti Dange,2.5,2.9,A half-decent thriller that fails to live up to the potential of its plot.,"Cheran, Srushti Dange, Nandana Varma, Sarayu"
Pattas,Action,U,15 Jan 2020,2 hrs 15 mins,Dhanush,Mehreen Pirzada,2.5,2.9,A formulaic action drama that is predictable from start to finish.,"Dhanush, Mehreen Pirzada, Naveen Chandra, Sneha, Munishkanth"
Ponmagal Vandhal,Drama,UA,29 May 2020,Nan,Parthiban,Jyothika,2,2.6,Ponmagal Vandhal is an unapologetic message movie in the guise of a courtroom drama and banks solely on the crusader zeal of its lead star to help it get a favourable verdict from the audiences.,"Jyothika, K. Bhagyaraj, Prathap Pothen, Parthiban Radhakrishnan, Pandiarajan, Vidya Pradeep, Akshara Kishor"
Walter,Action,UA,13 Mar 2020,2 hrs 2 mins,Sibi Sathyaraj,Shirin Kanchwala,2,2.7,Walter is a cat-and-mouse cop story between a sincere cop and a well-reputed person in the society.,"Sibi Sathyaraj, Gautham Vasudev Menon, Shirin Kanchwala, Charlie, Munishkanth"
College Kumar,Drama,U,06 Mar 2020,1 hr 57 mins,Rahul Vijay,Priya Vadlamani,2,2.7,"The lack of impactful emotional scenes, clichéd sequences, absence of nativity and an unappealing screenplay spoil the plot.","Rahul Vijay, Priya Vadlamani, Prabhu, Madhu Raghunath, Manobala, Nasser"
Meendum Oru Mariyadhai,Drama,UA,21 Feb 2020,2 hrs 2 mins,,,2,2.7,,"P. Bharathiraja, Mounika, Nakshatra, Joe Malloori"
Kanni Maadam,Drama,UA,21 Feb 2020,2 hrs 12 mins,Sriram karthick,Gayathri,2,2.7,The film showcases the agony faced by those who suffer because of caste pride realistically.,"Sriram Karthick, Gayathri, Saya Devi"
Adavi,Drama,UA,07 Feb 2020,2 hrs 26 mins,Vinoth Kishan,Ammu Abirami,2,2.7,"The dated filmmaking, with earnest but raw performances, and the overly melodramatic treatment ensure that we are never emotionally touched.","Vinoth Kishan, Ammu Abirami"
Dagaalty,Drama,UA,31 Jan 2020,2 hrs 10 mins,Santhanam,Rithika Sen,2,2.6,"Dagaalty, tests our patience, thanks to underwritten characters and a hardly engaging screenplay which has some bizarre moments.","Santhanam, Yogi Babu, Rittika Sen, Radha Ravi, Hemant Pandey, Manobala, Santhana Bharathi, Tarun Arora"
Maayanadhi,Drama,UA,31 Jan 2020,2 hrs 10 mins,Abi Saravanan,Aditi Menon,2,2.6,"Maayanadhi is the tale of a doting father and her daughter, who aspires to become a doctor.","Abi Saravanan, Appukutty, Venba, Aadukalam Naren, Adhiti Menon"
Taana,Action,U,24 Jan 2020,2 hrs 3 mins,Vaibhav Reddy,Nandita Swetha,2,2.6,Taana has nothing new to offer except for another disorder-based characterisation created for its protagonist.,"Vaibhav Reddy, Nandita Swetha, Yogi Babu, Hareesh Peradi, Pandiarajan"
Asuraguru,Action,UA,13 Mar 2020,2 hrs 2 mins,Vikram Prabhu,Mahima Nambiar,1.5,2.3,The film lacks the required elements one expects from movies which belong to the genre.,"vikram prabhu, Mahima Nambiar, Yogi Babu, Manobala, subbaraju"
Irumbu Manithan,Drama,U,28 Feb 2020,2 hrs 13 mins,Santhosh Prathap,Anitha Sampath,1.5,2.4,"There is definitely a heartwarming tale buried in this plot, but director Disney's writing is unimaginative.","Santhosh Prathap, Ganja Karuppu, Madhusudhan Rao, Anitha Sampath"
Indha Nilai Maarum,Drama,U,06 Mar 2020,1 hr 40 mins,,,1,1.8,The plot sounds so bizarre and unamusing that you become uninterested in the further proceedings.,"Lakshmy Ramakrishnan, Delhi Ganesh, Y. G. Mahendran, Ashwin Kumar, Santhana Bharathi, Chaams, T.M. Karthik Srinivasan"
Sillu Karuppatti,Drama,UA,27 Dec 2019,2 hrs 2 mins,Samuthirakani,Sunainaa,4,3.8,Sillu Karuppatti tries to define love and leaves us smiling and feeling.,"P. Samuthirakani, Sunainaa, Sara Arjun, Nivedhithaa Sathish, Leela Samson"
Karuppu Durai,Drama,UA,21 Nov 2019,0 hrs 0 mins,Mu Ramaswamy,,4,3.8,"A feel-good, and at times bittersweet, film that is one of the year’s sweet surprises.",Mu Ramaswamy
Game Over,Drama,UA,14 Jun 2019,1 hr 43 mins,,Taapsee Pannu,4,3.8,There are many layers to the film – both psychological and ‘spirit’ual – and these moments are what make this film interesting.,"Taapsee Pannu, Vinodhini, Ramya Subramanian, Sanchana Natarajan"
Super Deluxe,Drama,A,29 Mar 2019,2 hrs 56 mins,Vijay Sethupathi,Samantha Ruth Prabhu,4,4.3,"Super Deluxe is filled with ambition, genius, and also a beating heart.","Vijay Sethupathi, Fahadh Faasil, Samantha Ruth Prabhu, Ramya Krishnan, Mysskin"
To Let,Family,U,21 Feb 2019,1 hr 39 mins,Santhosh Sreeram ,Sheela Raj Kumar,4,4.1,To Let manages to hold you in its grip and provides a moving experience.,"Santhosh Sreeram, Sheela Raj Kumar, Dharun Bala"
Peranbu,Drama,UA,01 Feb 2019,2 hrs 27 mins,Samuthirakani,Anjali,4,4.6,,"Mammootty, P. Samuthirakani, Anjali, Livingstone"
Hero,Action,U,20 Dec 2019,2 hrs 44 mins,Sivakarthikeyan,Kalyani Priyadharshan,3.5,3.3,A superhero origin story that is also a spiritual sequel to Shankar’s Gentleman.,"Sivakarthikeyan, Kalyani Priyadarshan, Abhay Deol, Arjun Sarja"
Irandam Ulagaporin Kadaisi Gundu,Drama,U,06 Dec 2019,2 hrs 2 mins,Dinesh,Anandhi,3.5,3.3,Irandam Ulagaporin Kadaisi Gundu is the story of an individual told with a global perspective.,"Dinesh, Anandhi, Riythvika, John Vijay"
Adithya Varma,Drama,A,21 Nov 2019,2 hrs 48 mins,Dhruv Vikram,Banita Sandu,3.5,3.3,"The film is as intense as the original, with a lead performance that suggests that we might be witnessing the birth of a star.","Dhruv Vikram, Banita Sandhu, Priya Anand, Leela Samson"
Kaithi,Action,UA,25 Oct 2019,2 hrs 27 mins,Karthi Narain,,3.5,3.5,"Kaithi is a tense, impressively shot action thriller.","Karthi, Narain, Dheena, Hareesh Peradi"
Asuran,Action,UA,04 Oct 2019,2 hrs 20 mins,Dhanush,Manju Warrier,3.5,3.5,Vetri Maaran delivers yet another solid action drama that keeps us engrossed from start to finish,"Dhanush, Manju Warrier, Prakash Raj, Pasupathy, Yogi Babu, Aadukalam Naren, Guru Somasundaram, Balaji Sakthivel, Thalaivasal Vijay"
Bailwaan,Action,UA,12 Sep 2019,2 hrs 38 mins,Kichcha Sudeepa,Akanksha Singh,3.5,3.4,"Pailwaan brings in all the needed masala elements, with comedy, romance, fights and emotions added in generous amounts.","Kichcha Sudeepa, Suniel Shetty, Aakanksha Singh"
Magamuni,Crime,UA,06 Sep 2019,2 hrs 2 mins,Arya,Mahima Nambiar,3.5,3.4,"Magamuni is a worthy follow-up to Santhakumar’s debut film, Mouna Guru.","Arya, Mahima Nambiar, Bala Singh, Ilavarasu, V. Jayaprakash, Indhuja"
Nerkonda Paarvai,Drama,UA,08 Aug 2019,2 hrs 38 mins,Ajith Kumar,Shraddha Srinath,3.5,3.5,"With arresting performances of artistes and an engaging screenplay which touch upon a sensitive issue, H Vinoth manages to stay true to the original version.","Ajith Kumar, Shraddha Srinath, Andrea Tariang, Arjun Chidambaram, Adhik Ravichandran, Sujith Shankar, Delhi Ganesh"
Aadai,Drama,A,20 Jul 2019,2 hrs 2 mins,,Amala Paul,3.5,3.3,Aadai is a compelling watch which breaks a few stereotypes and offers an engaging experience.,"amala paul, Vivek Prasanna, Ramya Subramanian, Adiraj"
Jiivi,Drama,U,28 Jun 2019,2 hrs 2 mins,Vetri,Monica Chinnakotla,3.5,3.4,Jiivi is one of the memorable thrillers of the year.,"Vetri, Monica chinnakotla, Karunakaran, Mime Gopi, Rohini"
House Owner,Action,U,28 Jun 2019,2 hrs 33 mins,Kishore Kumar,,3.5,3.4,"The flow of the sequences here is generic and unpredictable, making it difficult for one to judge the genre of the film.","Kishore Kumar G., Lovelyn Chandrasekhar, Sriranjani"
Pakkiri,Adventure,UA,21 Jun 2019,1 hr 41 mins,Dhanush,,3.5,3.4,"The lighthearted treatment keeps Pakkiri entertaining, but you wish it were more whimsical.","Dhanush, Erin Moriarty, Barkhad Abdi, Berenice Bejo, Gerard Jugnot, Abel Jafri, Ben Miller"
Kolaigaran,Action,UA,07 Jun 2019,1 hr 50 mins,Vijay Antony,Ashima Narwal,3.5,3.5,Andrew Louis manages to come up with a solid thriller taking the core idea of the Japanese novel The Devotion Of Suspect X.,"Arjun Sarja, Vijay Antony, Ashima Narwal, Nassar, Seetha, Bagavathi Perumal, Ram Sampath"
Monster,Comedy,U,17 May 2019,2 hrs 19 mins,SJ Suryah,Priya Bhavani Shankar,3.5,3.4,"Monster’s simple concept is elevated by inventive storytelling, credible performances and proficient technical work.","S. J. Suryah, Priya Bhavani Sankar, Karunakaran"
Uriyadi 2,Action,U,05 Apr 2019,1 hr 59 mins,Vijay Kumar,Vismaya,3.5,3.4,"If Uriyadi was an action thriller, Uriyadi 2 feels more like a disaster movie.","Vijay Kumar, Vismaya, Sudhakar"
Thadam,Crime,UA,01 Mar 2019,2 hrs 18 mins,Arun Vijay,Tanya Hope,3.5,3.7,Thadam has an intriguingly written flow of events which begins from the pre-interval point and maintains the suspense factor till the end.,"Arun Vijay, Yogi Babu, Vidya Pradeep, Tanya Hope"
LKG,Comedy,U,22 Feb 2019,2 hrs 4 mins,RJ Balaji,Priya Anand,3.5,3.5,LKG is mostly a satisfying political satire and inarguably the best among the recent crop of political films.,"RJ Balaji, Priya Anand, J. K. Rithesh, Nanjil Sampath"
Sarvam Thaala Mayam,Musical,U,01 Feb 2019,2 hrs 11 mins,GV Prakash Kumar,Aparna Balamurali,3.5,3.5,The narrative of Sarvam Thaala Mayam is fleet-footed and doesn’t let the seriousness of its themes weigh the film down.,"G. V. Prakash Kumar, Aparna Balamurali, Nedumudi Venu, Vineeth"
Petta,Drama,UA,10 Jan 2019,2 hrs 52 mins,Rajinikanth,Simran,3.5,3.6,"Petta is less of a Karthik Subbaraj film, but it gives Rajini fans their Thalaivar in a way that they have been dying to see him, celebrating the Rajinisms.","Rajinikanth, Simran, vijay sethupathi, Malavika Mohanan, Nawazuddin Siddiqui, Trisha Krishnan, M. Sasikumar, Sananth Reddy, Megha Akash"
Pancharaaksharam,Thriller,U,27 Dec 2019,2 hrs 32 mins,Santhosh Prathap,Madhu Shalini,4.5,4.2,Pancharaaksharam is the kind of film that surprises by simply by being an engaging watch.,"Santhosh Prathap, Ashwin Jerome, Madhu Shalini, Sana Althaf, Gokul"
Thambi,Action,UA,20 Dec 2019,2 hrs 29 mins,Karthik,Jyothika,3,3.3,A tighter screenplay with more emotional connect would have done wonders.,"Karthik, Jyothika, Nikhila Vimal, Anson Paul, Sathyaraj, Sowcar Janaki"
Champion,Drama,UA,13 Dec 2019,1 hr 49 mins,Vishwa,Mrinalini,3,3.2,Champion is engaging for the most part even if its storyline is a familiar one.,"Vishwa K, V. Jayaprakash, Narain, Mirnalini, Manoj Bharathiraja"
Kaalidas,Biography,UA,13 Dec 2019,2 hrs 2 mins,Bharath,Ann Sheetal,3,3.2,"The movie has the required elements of a suspense thriller and the performance of lead artistes, too, elevate the decent script.","Bharath, Ann Sheetal, Aadhav Kannadasan, Suresh Chandra Menon"
Bigil,Sports,UA,25 Oct 2019,2 hrs 59 mins,Vijay,Nayanthara,4,4.3,"Though it lacks depth and is overlong, Bigil proves to be an engaging entertainer.","Vijay, Nayanthara, Jackie Shroff, Kathir, Vivek, Yogi Babu"
Pariyerum Perumal,Drama,U,28 Sep 2018,2 hrs 35 mins,Kathir,Anandhi,4,4.5,Pariyerum Perumal is a hard-hitting anti-caste drama.,"Kathir, Anandhi, Yogi Babu"
Nadigayar Thilakam,Biography,U,09 May 2018,2 hrs 56 mins,Dulquer Salmaan,Keerthy Suresh,4,4.3,To call ‘Nadigaiyar Thilagam’ a celebration of Savitri’s life would be an understatement.,"Keerthy Suresh, Dulquer Salmaan, Vijay Deverakonda, Naga Chaitanya Akkineni, Samantha Ruth Prabhu, prakash raj, Anushka Sethi, Shalini Pande"
Kanaa,Sports,U,21 Dec 2018,2 hrs 15 mins,Sivakarthikeyan,Aishwarya Rajesh,3.5,3.5,Kanaa is a crowdpleasing sports movie that also doubles up as a message movie on farmers and their issues.,"Sathyaraj, Aishwarya Rajesh, Ilavarasu, Munishkanth, Blade Shankar"
KGF,Action,UA,21 Dec 2018,2 hrs 35 mins,Yash,Srinidhi Shetty,3.5,3.6,"While there is a sense of temporary closure in 'KGF: Chapter 1', one also leaves the hall yearning for more. KGF surely seems to have delivered what it set to achieve.","Yash, Srinidhi Shetty, Achyuth Kumar, Malavika Avinash, Anant Nag, Srinivasa Murthy, Ninasam Ashwath"
Seethakaathi,Drama,U,20 Dec 2018,2 hrs 53 mins,Vijay Sethupathi,Parvatii Nair,3.5,3.4,"Balaji Tharaneetharan’s Seethakaathi is a film that is artsy and also entertaining, with a fine performance from Vijay Sethupathi.","vijay sethupathi, Parvatii Nair, Remya Nambeesan, Sunil K Reddy, Bagavathi Perumal, Karunakaran, Gayathrie"
Kaatrin Mozhi,Drama,U,16 Nov 2018,2 hrs 28 mins,,Jyothika,3.5,3.3,This remake of Tumhari Sulur is an engaging entertainer that manages to retain the spirit of the original.,"jyothika, Vidhaarth, Lakshmi Manchu, M. S. Bhaskar, Manobala"
Vada Chennai,Crime,A,17 Oct 2018,2 hrs 46 mins,Dhanush,Samantha Ruth Prabhu,3.5,3.5,The sprawling nature of the narrative and the various events that impact the lives of the numerous characters make Vada Chennai truly an epic.,"Dhanush, Samantha Ruth Prabhu, Amala Paul, Daniel Balaji, Aishwarya Rajesh, Andrea Jeremiah, Ameer Sultan, P. Samuthirakani, Karunas, Pavan"
Ratchasan,Thriller,UA,05 Oct 2018,2 hrs 32 mins,Vishnu Vishal,Amala Paul,3.5,3.8,"Ratsasan is a competent thriller, for the most part. There is a tautness to the storytelling, especially until the interval block, that keeps us hooked.","Vishnu Vishal, Amala Paul, Kaali Venkat, Munishkanth"
96,Romance,U,04 Oct 2018,2 hrs 37 mins,Vijay Sethupathi,Trisha Krishnan,3.5,3.6,96 taps into nostalgia to leave us with a high that only happy associations with our past can evoke.,"Vijay Sethupathi, Trisha Krishnan"
Chekka Chivantha Vaanam,Crime,UA,27 Sep 2018,2 hrs 24 mins,Aravind Swamy,Jyothika,3.5,3.6,Mani Ratnam gives us a delicious twist on The Godfather with Chekka Chivantha Vaanam.,"silambarasan, jyothika, vijay sethupathi, Arvind Swami, Arun Vijay, Aditi Rao Hydari, Prakash Raj, Jayasudha, Mansoor Ali Khan, Aishwarya Rajesh, Dayana Erappa"
Annanukku Jey,Comedy,U,31 Aug 2018,1 hr 51 mins,Dinesh,Mahima Nambiar,3.5,3.2,"Despite the premise offering the opportunity to narrate this story as a gritty action drama, Rajkumar chooses to tell it in a lighter, satirical vein.","Dinesh, Mahima Nambiar, Vetri Maaran, Radha Ravi, RJ Balaji, Mayilsamy"
Imaikkaa Nodigal,Thriller,UA,30 Aug 2018,2 hrs 50 mins,Atharvaa Murali,Nayanthara,3.5,3.5,"Apart from a few make-believe scenes, the director manages to keep the twists unpredictable and the thrill factor engaging till the end.","Nayanthara, Atharvaa Murali, Anurag Kashyap, Rashi Khanna, Devan"
Merku Thodarchi Malai,Drama,UA,24 Aug 2018,2 hrs 2 mins,Antony,Gayathri,3.5,3.2,The film ends with a bang (even while the filmmaking remains low-key) even as it subtly delivers its message - how development also leads to the destruction of a way of life and a community.,"Antony, Gayathri Krishna, Abu Valayankulam, Anthony vathiyar"
Kolamaavu Kokila,Comedy,UA,17 Aug 2018,2 hrs 20 mins,Yogi Babu,Nayanthara,3.5,3.5,"The film is an out-and-out star vehicle that keeps giving its star whistle-worthy moments. And most remarkably, it manages to stay true to its genre and ensures that the script comes before the star.","Nayanthara, Saranya Ponvannan, Yogi Babu, Rajendran"
Kaala,Action,UA,07 Jun 2018,2 hrs 46 mins,Rajinikanth,Huma Qureshi,3.5,3.6,Kaala is a 51% Rajini - 49% Ranjith movie and would be remembered as one of the best climaxes in a Rajinikanth movie.,"Rajinikanth, Huma Qureshi, P. Samuthirakani, Nana Patekar, Sayaji Shinde, Anjali Patil, Pankaj Tripathi, Aravind Akash, Sukanya, Manikandan, RJ Ramesh Thilak, Sakshi Aggarwal, Dileepan, Eswari Rao, Yatin Karyekar, Vishal Saroye"
Iravukku Aayiram Kangal,Action,UA,11 May 2018,2 hrs 1 min,Arulnithi,Mahima Nambiar,3.5,3.5,The major attraction of the film is its two hours duration and racy screenplay.,"Arulnithi, Mahima Nambiar, Ajmal Ameer, Anandaraj"
Savarakathi,Drama,U,09 Feb 2018,1 hr 54 mins,Mysskin,,3.5,3.3,"The film could have been a thriller, but Mysskin turns into a black comedy, and thus, makes it distinctive.","Mysskin, Shamna Kasim Poorna, Ram Pothineni"
Thaanaa Serndha Koottam,Drama,UA,12 Jan 2018,2 hrs 18 mins,Suriya,Keerthy Suresh,3.5,3.6,"The film works wonderfully well as long as it stays closer to the plot of Special 26, and the changes are superficial.","Suriya Sivakumar, Keerthy Suresh, Saranya Ponvannan, RJ Balaji, Thambi Ramaiah, Kalaiyarasan Harikrishnan, Ramya Krishnan, Anandaraj"
Silukkuvarupatti Singam,Drama,U,21 Dec 2018,2 hrs 14 mins,Vishnu Vishal,Regina Cassandra,3,3.2,Silukkuvaarpatti Singam is largely a family-friendly comedy that manages to be a lighthearted diversion.,"Vishnu Vishal, Regina Cassandra, Oviya Helen, Karunakaran, Yogi Babu, Anandaraj, Mansoor Ali Khan"
Adanga Maru,Thriller,UA,21 Dec 2018,2 hrs 26 mins,Jayam Ravi,Raashi Kanna,3,3.4,"Adanga Maru has a routine plot, but the treatment makes it fast-paced and interesting.","jayam ravi, Raashi Khanna, Sampath Raj, Suresh Chandra Menon, Ponvannan"
Thuppakki Munai,Crime,U,14 Dec 2018,2 hrs 8 mins,Vikram Prabhu,Hansika Motwani,3,3.3,"The film is an uneven action drama, but the message lends it topical relevance.","Vikram Prabhu, hansika motwani"
2,Sci-Fi,UA,29 Nov 2018,2 hrs 24 mins,Rajinikanth,Amy Jackson,3,3.2,"The climactic battle between 2.0 and Pakshiraja ensures that we get the bangs we deserved for our bucks. If only two characters were introduced into his plot earlier, 2.0 would have soared.","Rajinikanth, Akshay Kumar, Amy Jackson, Sudhanshu Pandey, Adil Hussain, Kaizaad Kotwal, Kalabhavan Shajohn, Riyaz Khan"
Sarkar,Drama,UA,06 Nov 2018,2 hrs 43 mins,Vijay,Keerthy Suresh,3.5,3.9,"Vijay is in top form in a smart, overlong film that has a good message but lacks strong antagonists.","Vijay, Keerthy Suresh, Varalaxmi Sarathkumar, Yogi Babu, Radha Ravi, Livingstone, Tulasi Shivamani"
Sandakozhi 2,Action,UA,18 Oct 2018,2 hrs 30 mins,Vishal,Keerthy Suresh,3,3.2,Sandakozhi 2 lacks punch of the first film but remains tolerable even in its less compelling portions.,"Vishal Krishna, Keerthy Suresh, Varalaxmi Sarathkumar, Raj Kiran, Ganja Karuppu, Ramdoss, Hareesh Peradi, Meera Jasmine"
Manusangada,Drama,U,12 Oct 2018,1 hr 33 mins,Rajeev Anand,Sheela Raj Kumar,3,3.1,The film declares solidarity to the sidelined sections of the society and shouts out loud that they are also human beings.,"Rajeev Anand, Sheela, Raj Kumar, Manimegalai, Vidhur Rajarajan"
Nota,Drama,U,05 Oct 2018,2 hrs 26 mins,Vijay Deverakonda,Mehreen Pirzada,3,3.3,"The political scenes are the film’s strengths; in fact, its only strengths. The emotional drama between the characters is quite weak.","Vijay Deverakonda, Mehreen Pirzad, Sathyaraj, Nassar, Karunakaran, Anastasia Maslova"
U Turn,Mystery,UA,13 Sep 2018,2 hrs 9 mins,,Samantha Ruth Prabhu,3,3.1,"An interesting remake with enough twists and turns, and a climax that could have been more convincing.","Samantha Ruth Prabhu, Aadhi Pinisetty, Rahul Ravindran, Bhumika Chawla,"
60 Vayadu Maaniram,Drama,U,31 Aug 2018,2 hrs 14 mins,Vikram Prabhu,Indhuja,3,3.3,The movie appeals to those who haven't watched the original version or love watching stories on beautiful bonding.,"vikram prabhu, Indhuja, Prakash Raj, P. Samuthirakani"
Echarikkai: Ithu Manithargal Nadamaadum Idam,Crime,UA,24 Aug 2018,2 hrs 14 mins,Sathyaraj,Varalaxmi Sarathkumar,3,3.2,"For a debut effort, Echcharikkai comes across as quite a solid thriller.","Sathyaraj, Varalaxmi Sarathkumar, Kishore"
Odu Raja Odu,Comedy,UA,17 Aug 2018,2 hrs 2 mins,,,3,3.2,"Odu Raja Odu does take quite a bit of time to set up its premise - in fact, almost the entire first half.","Guru Somasundaram, Nassar, Lakshmi Priyaa Chandramouli, Charuhasan, Venkatesh Harinathan"
Aruvi,Drama,UA,15 Dec 2017,2 hrs 13 mins,,Aditi Balan,4,4.5,"Aruvi is a superbly written drama centred around a unique character that unfolds as a thriller, a black comedy, an awareness movie, and a tragedy.","Lakshmi Gopalaswamy, Sshivada, Aditi Balan, Shwetha Shekar, Mohammad Ali Baig, Kavitha Bharathi, Pradeep Antony, Mani Kutti, Anjali Varathan"
Kurangu Bommai,Drama,UA,01 Sep 2017,1 hr 46 mins,,,4,4.2,Kurangu Bommai is a strong contender for the best Tamil film of the year.,"Bharathirajaa, Vitharth, Delna Davis, Kumaravel, Kalki, PL Thenappan, Krishnamoorthy, Bala Singh, Rama"
Oru Kidayin Karunai Manu,Drama,UA,02 Jun 2017,2 hrs 1 min,,Raveena,4,3.9,"Oru Kidayin Karunai Manu is Tamil cinema’s answer to Thithi, last year’s Kannada arthouse hit.","Raveena, Vitharth, George, Hello Kanthasamy, Krishnamoorthy, Jayaraj"
Maanagaram,Thriller,UA,10 Mar 2017,2 hrs 17 mins,Sundeep Kishan,Regina Cassandra,4,4.5,The fact that most of its crew are first-timers makes this feat all the more remarkable.,"Shri, Sundeep Kishan, Regina Cassandra, Charle, Munishkanth, Madhusudhanan, Sha Ra"
Maayavan,Thriller,UA,14 Dec 2017,2 hrs 9 mins,Sundeep Kishan,Lavanya Tripathi,3.5,3.3,One of the best things about Maayavan is how it manages to keep us guessing until it reveals the killer and his modus operandi.,"Sundeep Kishan, Lavanya Tripathi, Akshara Gowda, Jackie Shroff, Daniel Balaji, Bagavathi Perumal, Mime Gopi"
Theeran Adhigaaram Ondru,Action,UA,17 Nov 2017,2 hrs 37 mins,Karthik,Rakul Preet Singh,3.5,3.8,Vinoth’s detailing is what sets Theeran Adhigaaram Ondru apart from the other cop films.,"Karthi, Rakul Preet Singh, Abhimanyu Singh, Bose Venkat, Varghese Mathew, Rohit Pathak, Sathyan, Mano Bala"
Aramm,Drama,U,10 Nov 2017,2 hrs 2 mins,,Nayanthara,3.5,3.7,,"Nayanthara, Sunu Lakshmi, Vinodhini, J Vignesh, Ramachandran"
Aval,Horror,A,03 Nov 2017,2 hrs 16 mins,Siddharth,Andrea,3.5,3.5,Aval joins the list of well-made horror flicks made in Kollywood.,"Siddharth, Andrea, Atul Kulkarni, Suresh, Prakash Belawadi, Anisha Victor"
Mersal,Action,UA,18 Oct 2017,2 hrs 50 mins,Vijay,Samantha Ruth Prabhu,3.5,3.8,"With Mersal, we have got this year's most engaging mass masala movie. When you have a mass hero in full form like Vijay is in the film, how can things go wrong?","Vijay, Samantha, Kajal Aggarwal, Nithya Menen, SJ Suryah, Sathyaraj, Vadivelu, Kovai Sarala, Haresh Peradi"
Meyaadha Maan,Comedy,UA,18 Oct 2017,2 hrs 27 mins,Vaibhav Reddy,Priya Bhavani Shankar,3.5,3.3,"A youngster who loves a girl tries to commit suicide and to dissuade him, his friend reaches out to the girl, setting in motion events that unexpectedly turn out to be life changing.","Vaibhav Reddy, Priya Bhavani Sankar, Vivek Prasanna, Indhuja"
Thupparivaalan,Action,UA,14 Sep 2017,2 hrs 39 mins,Vishal,Andrea,3.5,3.5,"What sets Thupparivaalan apart is how it not only thrills us but also makes us feel, and that is Mysskin’s triumph.","Vishal, Prasanna, Vinay, Bhagyaraj, Andrea Jeremiah, Anu Emmanuel, Shaji, Abhishek, Simran, John Vijay, Thalaivasal Vijay"
One Heart: The AR Rahman Concert Film,Documentary,U,31 Aug 2017,1 hr 26 mins,,,3.5,3.4,"As a first-of-its-kind concert film from India, One Heart works, because, ultimately, it is all about the music!","AR Rahman, Ranjit Barot, Ann Marie Calhoun, Haricharan Seshadri, Jonita Gandhi, Annette Philip, Mohini Dey, Keba Jeremiah, Devi Rani Najev, Karthikeyan Devarajan, Sanket Athale, Shiraz Uppal, Ashwin Srinivasan"
Taramani,Drama,A,11 Aug 2017,2 hrs 30 mins,,Andrea,3.5,3.6,"Apart from narrating the stories of a few characters, Taramani also attempts to remind people about how life should be lived.","Andrea Jeremiah, Vasanth Ravi, Anjali, Azhagam Perumal, Adrian Knight Jesly"
Nibunan,Thriller,UA,28 Jul 2017,2 hrs 17 mins,Arjun,Varalaxmi Sarathkumar,3.5,3.5,"Nibunan is a thriller loaded with suspense, mystery, serial murders, sentiments and more.","Arjun, Varalaxmi Sarathkumar, Prasanna, Sruthi Hariharan, Vaibhav, Suman, Suhasini"
Vikram Vedha,Action,UA,21 Jul 2017,2 hrs 27 mins,Madhavan,Shraddha Srinath,3.5,3.9,A playful action film with more intrigue and less intensity.,"R Madhavan, Vijay Sethupathi, Shraddha Srinath, Varalaxmi Sarathkumar, Kathir, Haresh Peradi, Prem, Achyutha Kumar"
Pandigai,Action,UA,14 Jul 2017,2 hrs 30 mins,Kreshna,Anandhi,3.5,3.3,"A low-level hotel worker gets involved in a street fighting racket on the advice of a compulsive gambler. When the duo realise they have been duped by the gangster controlling the racket, they decided to rob him…","Kreshna, Anandhi, Saravanan, Madhusudhanan, Black Pandi, Nitinsathyaa, Aruldoss, Karunaas, Shanmugarajan, Arjai"
Ivan Thanthiran,Thriller,UA,30 Jun 2017,2 hrs 1 min,Gautham Karthik,Shraddha Srinath,3.5,3.4,Synopsis:Director has deftly handled a subject line often used in Tamil cinema rather innovatively.,"Gautham Karthik, RJ Balaji, Shraddha Srinath, Super Subbarayan, Stunt Silva"
Maragatha Nanayam,Comedy,U,15 Jun 2017,2 hrs 12 mins,Adhi,Nikki Galrani,3.5,3.8,"Maragatha Nanayam does take some time to set up its characters, but once the plot kicks in, the film starts to entertain, handsomely.","Adhi, Nikki Galrani, Ramadas, Anandraj, Daniel Pope, Arunraja Kamaraj, Sangili Murugan, MS Bhaskar, Brahmanandam, Kaali Venkat"
Rangoon,Thriller,UA,09 Jun 2017,2 hrs 7 mins,Gautham Karthik,Sana Siddique,3.5,3.5,"The casting, interesting screenplay with twists and turns at the right time makes the film impressive.","Gautham Karthik, Sana, Siddique, Daniel Annie Pope, Anand"
Pa. Paandi,Drama,UA,14 Apr 2017,2 hrs 5 mins,Dhanush,Madonna Sebastian,3.5,3.7,"Dhanush gives us a heartwarming film that, despite its conventional storytelling, packs in a huge emotional wallop.","Rajkiran, Prasanna, Chaya Singh, Revathy, Dhanush, Madonna Sebastian"
8 Thotakkal,Crime,U,07 Apr 2017,2 hrs 25 mins,Vetri ,Aparna Balamurali,3.5,3.4,"Taking the set-up of Akira Kurosawa’s Stray Dog (credited as an inspiration), Sri Ganesh gives us a slow-burning cop thriller","Vetri, Aparna Balamurali, MS Bhaskar, Nasser, Mime Gopi, Manikandan, Lallu, Meera Mithun, Charles Vinoth"
Kadugu,Drama,U,23 Mar 2017,1 hr 55 mins,Bharath,,3.5,3.7,"Kadugu is a return to form for Vijay Milton, and a make-good for subjecting us to the disappointment that was 10 Endrathukulla","Rajakumaran, Bharath, Radhika Prasiddha, Subhiksha, Bharath Seeni, A Venkatesh, Dhaya Vekat, Sakthi"
Kuttram 23,Thriller,UA,03 Mar 2017,2 hrs 34 mins,Arun Vijay,Mahima Nambiar,3.5,4,Kuttram 23 is slickly made pulp (the story is by crime novel specialist Rajeshkumar) that unfolds as a tense investigative thriller.,"Arun Vijay, Mahima Nambiar, Vamsi Krishna, Thambi Ramaiah, Aravind Akash, Abinaya, Arvind Bhargav"
Kadhal Kan Kattuthe,Romance,UA,17 Feb 2017,1 hr 50 mins,,Athulya,3.5,3.8,"This refreshing little romance does this in an impressive manner, even while ticking all the genre indispensables.","KG, Athulya, Shivaraj R, Aneeruth"
Adhe Kangal,Crime,UA,26 Jan 2017,2 hrs 0 mins,Kalaiyarasan,Janani,3.5,3.5,What’s most impressive about Adhe Kangal is how it treats its two female leads. They aren’t just romantic interests but have a larger role to play,"Kalaiyarasan, Janani, Sshivada, Balasaravanan, Oomai Vizhigal Arvindhraj, Abdool, Abishek Joseph George"
Balloon,Horror,UA,29 Dec 2017,2 hrs 26 mins,Jai,Anjali,3,3,"Balloon works mainly because it has some solid scares, a lot of zingy one-liners and a bit of inventiveness.","Jai, Anjali, Janani Iyer, Yogi Babu"
Ulkuthu,Drama,U,29 Dec 2017,2 hrs 11 mins,Dinesh,Nandita Swetha,3,3.1,"Ulkuthu is a Tamil movie released on 12 May, 2017. The movie is directed by Caarthick Raju and featured Dinesh, Nandita Swetha and Chaya Singh as lead characters. Other popular actors who were roped in for Ulkuthu are Bala Saravanan, Rajendran and John Vijay.","Dinesh, Nandita Swetha, Chaya Singh, Bala Saravanan, Rajendran, John Vijay"
Solo,Drama,UA,14 Oct 2017,2 hrs 32 mins,Dulquer Salmaan,Sai Dhanshika,3,3.1,"As a narrative experiment, Solo is kind of underwhelming as it works only in parts, but there is quite a lot to savour","Dulquer Salmaan, Sai Dhanshika, Arti Venkatesh, Sruthi Hariharan, Neha Sharama, Sathish, John Vijay, Anson Paul, Azhagamperumal, Ann Augustine, Prakash Belawadi, Manoj K Jayan, Qaushiq Mukherjee, Sai Tamhankar, Nasser, Suhasini, Suresh Menon, Dino Morea"
Theru Naaigal,Thriller,UA,22 Sep 2017,1 hr 42 mins,,,3,3,"As a debut film, Theru Naaigal manages to be a minor success","Prateek, Pavel Navageethan, Appukutty, Madhusudhanan, Mime Gopi, Akshatha, Mime Gopi, Imman Annachi"
Magalir Mattum,Drama,U,15 Sep 2017,2 hrs 20 mins,,Jyothika,3,3.2,The film walks the middle ground between lecturing and showing us the inequality that exists in our society.,"Jyotika, Urvashi, Bhanupriya, Saranya Ponvannan, Nasser, Livingston, Pavel Navageethan, Madhavan, Vidhaarth, Luthfudeen"
Kodi,Action,U,28 Oct 2016,2 hrs 20 mins,Dhanush,Trisha Krishnan,4,4.2,The real surprise in Kodi is how the director manages to makes this plot feel gritty within the boundaries of commercial cinema,"Dhanush, Trisha, Anupama Parameswaran, Saranya Ponvannan, Kaali Venkat, SA Chandrasekaran, Vijayakumar, Marimuthu, Karunaas"
Uriyadi,Thriller,UA,27 May 2016,2 hrs 6 mins,Vijay Kumar,,4,4.2,"Uriyadi displays a daring that belies its small-budget, first-film credentials, and stakes its claim in the list of the best films of the year.","Vijay Kumar, Mime Gopi, Citizen Sivakumar"
24,Sci-Fi,U,06 May 2016,2 hrs 44 mins,Suriya,Samantha Ruth Prabhu,4,4.3,"A script that is not simplistic or formulaic, but Suriya pulls it off admirably.","Suriya, Samantha, Nithya Menen, Saranya Ponvannan, Ajay, Sathyan, Girish Karnad"
Visaaranai,Thriller,UA,05 Feb 2016,1 hr 57 mins,Dinesh,,4,4.3,"Visaaranai is an uncompromising, hard-hitting and spine-chilling account of abuse of power.","Dinesh, Samuthirakani, Kishore, Aadukalam Murugadoss, Ajay Ghosh, Anandhi, E Ramadas"
Dhurvangal Pathinaaru,Thriller,UA,29 Dec 2016,1 hr 45 mins,,,3.5,3.6,"The strength of Dhurvangal Pathinaaru lies in the filmmaking, which dazzles us enough.","Rahman, Prakash, Delhi Ganesh, Santhosh Krishna, Praveen, Yashika, Anjana, Sarathkumar"
Chennai 600028 II: Second Innings,Sports,U,09 Dec 2016,2 hrs 34 mins,Jai,Sana Althaf,3.5,3.6,The stakes are higher this time only makes it even more nail-bitingly exciting.,"Jai, Shiva, Nitinsathyaa, Premgi Amaren, Vijay Vasanth, Ajay Raj, Vaibhav, Abhinay Vaddi, Sana Althaf, Vijayalakshmi, Anjena Kriti, Mahat Raghavendra, Ilavarasu, Inigo Prabhakaran"
Saithan,Mystery,UA,01 Dec 2016,2 hrs 4 mins,Vijay Antony,Arundhathi Nair,3.5,3.6,"The film unfolds as a mystery thriller, but it is only in the end that we realise that it is a mass hero movie masquerading as something else.","Vijay Antony, Arundhathi Nair, Y Gee Mahendra, Kitty, Murugadoss, Meera Krishna, Charuhasan, Siddhartha Shankar"
Kaashmora,Horror,UA,28 Oct 2016,2 hrs 38 mins,Karthik,Nayanthara,3.5,3.4,"The film contains the usual horror comedy tropes, but presents them all in a slightly different way, and at a grander scale","Karthi, Nayanthara, Sri Divya, Vivekh, Sharath Lohitashwa, Madhusudhan"
Ammani,Drama,U,14 Oct 2016,1 hr 32 mins,,,3.5,3.4,"The understated writing is matched by the unobtrusive filmmaking, which revels in the film's milieu.","Lakshmy Ramakrishnan, Subbalakshmi R, Nitin Sathyaa, George Maryan, Sri Balaji, Robo Shankar"
Aandavan Kattalai,Comedy,U,23 Sep 2016,2 hrs 30 mins,Vijay Sethupathi,Ritika Singh,3.5,3.9,"The film is somewhat leisurely paced, but that isn’t much of an issue, as the scenes are engaging.","Vijay Sethupathi, Ritika Singh, Yogi Babu, Nasser, Pooja Devariya, George, Vinodhini, SS Stanley"
Kutrame Thandanai,Crime,UA,02 Sep 2016,1 hr 39 mins,,Aishwarya Rajesh,3.5,3.4,Kutrame Thandanai is a solid low-key thriller that is also an understated morality play,"Vitharth, Aishwarya Rajesh, Pooja Devariya, Rahman, Nasser, Guru Somasundaram, Marimuthu"
Joker,Drama,UA,12 Aug 2016,2 hrs 10 mins,,,3.5,3.6,Raju Murugan strikes the right balance between drama and comedy.,"Guru Somasundaram, Mu Ramasamy, Gayathri Krishna, Ramya Pandian, Bava Chelladurai"
Oru Naal Koothu,Drama,UA,10 Jun 2016,2 hrs 14 mins,Dinesh,Nivetha Pethuraj,3.5,3.4,What doesn’t work are the filmi touches that Nelson adds to the narrative.,"Dinesh, Nivetha Pethuraj, Miya George, Riythvika, Ramesh Thilak, Bala Saravanan, Karunakaran, Charlie, Nagineedu"
Iraivi,Drama,UA,03 Jun 2016,2 hrs 40 mins,Vijay Sethupathi,,3.5,3.7,"Karthik’s writing is novelistic, with each character having their own well-sketched arcs.","SJ Suryah, Vijay Sethupathi, Bobby Simhaa, Anjali, Kamalinee Mukherjee, Radha Ravi, Pooja Devariya, Seenu Mohan, Vijai Murugan, Vadivukkarasi, Karunakaran"
Kadhalum Kadanthu Pogum,Romance,UA,11 Mar 2016,2 hrs 17 mins,Vijay Sethupathi,,3.5,3.9,This is a film where the magic lies in lingering on — rather than rushing through — in this world.,"ijay Sethupathi, Madonna Sebastian, Samuthirakani, DRK Kiran"
Aviyal,Short,UA,11 Mar 2016,1 hr 56 mins,Bobby Simha,,3.5,3.3,An anthology of short films with preludes linked by their genre,"Bobby Simhaa, Nivin Pauly, Rohit Nandakumar, Arjunan Nandakumar, Amrutha Srinivasan"
Sethupathi,Action,UA,19 Feb 2016,2 hrs 1 min,Vijay Sethupathi,Ramya Nambeesan,3.5,3.5,There is hardly any lull in the film and we just go along on this entertaining ride.,"Vijay Sethupathi, Remya Nambeesan, Vela Ramamurthy"
Irudhi Suttru,Drama,UA,29 Jan 2016,1 hr 52 mins,Madhavan,Ritika Singh,3.5,3.9,Irudhi Suttru manages to land punches that constantly surprise us.,"R Madhavan, Ritika Singh, Mumtaz Sorcar, Nasser, Radha Ravi, Zakir Hussain, Kaali Venkat"
Achamindri,Action,UA,30 Dec 2016,2 hrs 3 mins,Vijay Vasanth,Srushti Dange,3,3.2,Rajapandi nicely ties in all three strands to the central conflict of the film.,"Vijay Vasanth, Srushti Dange, Samuthirakani, Radha Ravi, Saranya Ponvannan, Vidya Pradeep, Jayakumar, Bharat Reddy, Karunas, Thalaivasal Vijay"
Mo,Horror,UA,30 Dec 2016,2 hrs 10 mins,,Aishwarya Rajesh,3,3.1,"A sincere attempt, Mo is devoid of a some of the regular horror-comedy elements and offers a satisfying watch.","Aishwarya Rajesh, Suresh Ravi, Ramesh Thilak, Muniskanth, Darbuka Siva, Yogi Babu, Mime Gopi, Selva"
Pazhaya Vannarapettai,Thriller,UA,02 Dec 2016,2 hrs 17 mins,Nishanth,Ashmita,3,3.5,"For a first-time effort, Pazhaya Vannarapettai is quite impressive","Prajin, Nishanth, Richard, Ashmita, Kajal, Dheena, Karunas, Manimaran"
Maaveran Kittu,Drama,U,02 Dec 2016,2 hrs 5 mins,Vishnu Vishal,Sri Divya,3,3.3,"Maveeran Kittu is earnest, and made with the competence that we have to expect from Suseenthiran, but lacks punch.","Vishnu Vishal, Sri Divya, Radhakrishnan Parthiban, Harish Uthaman, Nagineedu, Soori, Kayal Pereira"
Ilami,History,UA,25 Nov 2016,1 hr 49 mins,,,3,3.2,"Ilami feels very raw and the writing, too, is conventional upto a point.","Yuvan, Anu Krishna, Akhil, Kishore, Ravi Mariya, Vikramadithan, Thavasi, Vellaiyandi"
Remo,Romance,UA,07 Oct 2016,2 hrs 30 mins,Sivakarthikeyan,Keerthy Suresh,3,3.1,The film is a rejig of elements that we have seen in other films earlier.,"Sivakarthikeyan, Keerthy Suresh, Sathish, Saranya Ponvannan, KS Ravikumar, Naan Kadavul Rajendran, Yogi Babu, Adukalam Naren"
Devi(L),Horror,UA,07 Oct 2016,2 hrs 5 mins,Prabhudeva,Tamannaah,3,3.2,Vijay gives us a story that is quite simple and at the same time empathetic.,"Prabhudheva, Tamannaah, Sonu Sood, RJ Balaji, Murali Sharma, Nasser, Sathish"
Thodari,Thriller,U,22 Sep 2016,2 hrs 49 mins,Dhanush,Keerthy Suresh,3,3.1,There’s isn’t a properly focused plot as such (at least until the interval) and the film chugs along like a series of incidents that happen inside a train,"Dhanush, Keerthy Suresh, Radha Ravi, Thambi Ramaiah, Karunakaran, Harish Uthaman, Darbuka Siva, Ganesh Venkatram"
Iru Mugan,Action,UA,09 Sep 2016,2 hrs 35 mins,Vikram,Nayanthara,3,3.3,"If Anand Shankar’s previous film Arima Nambi had echoes of K Bhagyaraj’s Rudhra, the set-up of Iru Mugan recalls that of Kamal Haasan’s Vikram","Vikram, Nayanthara, Nithya Menen, Thambi Ramaiah, Nasser, Karunakaran, Riythvika"
Kidaari,Action,UA,02 Sep 2016,2 hrs 19 mins,Sasikumar,Nikhila Vimal,3,3,"There is a whiff of Gangs Of Wasseypur in the film’s proceedings: the usage of the device of a narrator to tell us the bloody events of the past, the numerous rivalries, the stark cinematography and the grungy score","M Sasikumar, Nikhila Vimal, Vela Ramamoorthy, Napoleon, OAK Sundar, Suja Varunee"
Meendum Oru Kadhal Kadhai,Romance,UA,26 Aug 2016,2 hrs 24 mins,,Isha Talwar,3,3.1,"Synopsis:For those who have seen the original, there is enough here for someone looking for light-hearted entertainment.","Walter Philips, Isha Talwar, Manoj K Jayan, Nasser, Arjunan, Thalaivasal Vijay, Vidyullekha, Venkatesh Harinathan"
Dharmadurai,Drama,UA,19 Aug 2016,2 hrs 27 mins,Vijay Sethupathi,Tamannaah,3,3.4,"The film does have genuinely affecting moments, and actors enhance the ordinary writing in many of the scenes.","Vijay Sethupathi, Tamannaah, Aishwarya Rajesh, Radikaa Sarathkumar, Srushti Dange, MS Bhaskar, Ganja Karuppu, Aruldas"
Sankarabharanam,Musical,UA,03 Dec 2015,2 hrs 23 mins,,,4,4.2,This film is a textbook example of how music and storytelling can go hand-in-hand to create a brilliant film.,"JV Somayajulu, Manju Bhargavi, Allu Ramalingaiah, Rajalakshmi, Chandramohan, Baby Thulasi"
Naanum Rowdy Dhaan,Comedy,UA,21 Oct 2015,2 hrs 19 mins,Vijay Sethupathi,Nayanthara,4,4.2,Vignesh Shivan displays a lightness of touch throughout that makes the film so much fun.,"Vijay Sethupathy, Nayanthara, Radhakrishnan Parthiban, Radikaa Sarathkumar, RJ Balaji, Anandraj, Azhagamperumal"
Thani Oruvan,Thriller,UA,28 Aug 2015,2 hrs 39 mins,Jayam Ravi,Nayanthara,4,4.5,"An efficient thriller that packs a mighty punch, and some sleek filmmaking that's thoroughly entertaining","Jayam Ravi, Nayanthara, Arvind Swami, Thambi Ramaiah, Nasser, Mugdha Godse, Ganesh Venkatraman, Vamsi Krishna"
Veerapandiya Kattabomman,History,UA,21 Aug 2015,3 hrs 0 mins,,,4,4.3,A film that glorifies the fearless Kattabomman - a stuff of the legends,"Sivaji Ganesan, Gemini Ganesan, Padmini, S Varalakshmi, VK Ramasamy, Javar Seetharaman, OAK Thevar, A Karunanidhi, CR Parthiban"
Baahubali: The Beginning,Action,U,09 Jul 2015,2 hrs 38 mins,Prabhas,Anushka,4,4.5,Terrific masala moments are packed in at regular intervals that we are constantly in thrall.,"Prabhas, Rana Daggubati, Anushka, Tamannaah, Ramya Krishnan, Sathyaraj, Nasser, Prabhakar, Rohini"
Papanasam,Drama,UA,03 Jul 2015,3 hrs 0 mins,Kamal Hassan,Nivetha Thomas,4,4.5,"The film is a frameby-frame remake of the Malayalam original, but the local milieu is well realized","Kamal Haasan, Gauthami, Nivetha Thomas, Asha Sarath, Ananth Mahadevan, Kalabahavan Mani, MS Bhaskar, Roshan"
Kaaka Muttai,Drama,UA,05 Jun 2015,1 hr 49 mins,,Aishwarya Rajesh,4,4.3,"A warm and inviting feel-good film about two slum kids, who aspire to have pizza","Ramesh, Vignesh, Aishwarya Rajesh, Joe Malloori, RJ Ramesh, Yogi Babu, Babu Antony, Krishnamoorthy"
Anegan,Fantasy,UA,13 Feb 2015,2 hrs 39 mins,Dhanush,Amyra Dastur,4,4.1,Anegan is pure camp but also a hugely entertaining one,"Dhanush, Amyra Dastur, Karthik, Ashish Vidyarthi, Jagan, Aishwarya Devan, Mukesh Tiwari, Thalaivasal Vijay"
144,Comedy,UA,27 Nov 2015,2 hrs 13 mins,Shiva,Oviya helen,3.5,3.4,"There is so much to like in this film, when you look past its initial hiccups.","Shiva, Ashok Selvan, Oviya, Shruthi Ramakrishna, Munishkanth, Udhayabhanu Maheswaran, Madhusudhan"
Kirumi,Thriller,UA,24 Sep 2015,1 hr 44 mins,Kathir,Reshmi Menon,3.5,3.2,Kirumi is a coming of age drama that slowly moves into a tense thriller,"Kathir, Reshmi Menon, Charlie, David, Dheena, Marimuthu, Yogi Babu, Tamilselvi, Thennavan"
Kuttram Kadithal,Drama,UA,24 Sep 2015,2 hrs 0 mins,,,3.5,3.5,The film explores different spectrum of lifestyles and how one incident can influence people from different backgrounds,"Radhika Prasidhha, Sai Rajkumar, Master Ajay, Pavel Navageethan, Sathya, Kulothungan Udayakumar, Durga Venugopal"
Maya,Horror,UA,17 Sep 2015,2 hrs 20 mins,,Nayanthara,3.5,3.7,"Aspiring actress watches a horror film alone in a theatre at night, and solves a murder mystery","Nayanthara, Aari, Mime Gopi, Lakshmi Priyaa Chandramouli, Amzath, Reshmi Menon, Robo Shankar"
Velaiilla Pattadhari,Drama,UA,18 Jul 2015,2 hrs 15 mins,Dhanush,Amala Paul,3.5,3.8,The film feels fresh and Velraj superbly manages to strike a balance between the emotional and mass hero moments,"Dhanush, Amala Paul, Samuthirakani, Saranya Ponvannan, Hrishikesh, Amitesh, Vivekh"
Indru Netru Naalai,Sci-Fi,UA,26 Jun 2015,2 hrs 26 mins,Vishnu Vishal,Mia George,3.5,4.1,"Time travel movie that evokes laughter, but the film is a tad overlong","Vishnu Vishal, Mia George, Karunakaran, Ravi Shankar, TM Karthik, Jayaprakash, Arya"
36 Vayadhinile,Drama,UA,15 May 2015,1 hr 55 mins,,Jyothika,3.5,3.9,The film talks about middle-age empowerment and is a compelling drama despite minor glitches,"Jyotika, Rahman, Abirami, Amritha, Devadarshini, Delhi Ganesh, Jayaprakash, Nasser"
Uttama Villain,Drama,UA,02 May 2015,2 hrs 52 mins,Kamal Hassan,Pooja Kumar,3.5,3.8,The line between reel and real are hard to distinguish,"Kamal Haasan, K Balachander, K Viswanath, Pooja Kumar, Andrea, Urvasi, Parvathy, Jayaram, MS Bhaskar"
Charles Shaffiq Karthiga,Thriller,UA,28 Mar 2015,2 hrs 4 mins,,,3.5,3.5,"CSK is a nail-biting thriller that is minimalist in its setup, but richly rewarding.","Jai Quehani, Sharran Sharma, Mishal, Narayanan, Vimal Antony"
Kallappadam,Thriller,UA,20 Mar 2015,2 hrs 13 mins,,,3.5,3.3,"A heist movie set in Kollywood, which provides some entertaining moments","J Vadivel, Sreeram Santhosh, K, Gaughin, Lakshmi Priyaa, Naren, Singam Puli, Senthil"
Rajathandhiram,Thriller,UA,13 Mar 2015,2 hrs 12 mins,,Regina Cassandra,3.5,3.4,The heist plan is clearly laid out and the film has the audience glued to the seats with its twists and turns,"Veera, Regina Cassandra, Darbuka Siva, Ajay Prasad, Pattiyal Sekar, Naren, Ilavarasu"
Enakkul Oruvan,Thriller,UA,06 Mar 2015,2 hrs 16 mins,Siddharth,Deepa Sannidhi,3.5,3.3,An avant-garde thriller that is not afraid to tease us with its fractured narrative,"Siddharth, Deepa Sannidhi, Aadukalam Naren, Ajay Rathnam, Udhayabhanu Maheswaran, Srushti Dange, John Vijay, Ramdas, Yog Japee"
Tamizhukku En 1-Ai Azhuthavum,Thriller,UA,20 Feb 2015,2 hrs 21 mins,Nakul,Bindhu Madhavi,3.5,3.4,The director sets up his story effectively and the manner in which he handles the multi-strand narrative deserves appreciation,"Nakul, Dinesh, Bindu Madhavi, Aishwarya Dutta, Sathish, Urvashi, Manobala"
Pannaiyarum Padminiyum,Drama,UA,07 Feb 2015,2 hrs 27 mins,Vijay Sethupathi,Aishwarya Rajesh,3.5,4.2,"In this age of hyper editing and ramping shots, SU Arunkumar’s Pannaiyarum Padminiyum shows that there is still room for languid storytelling","Vijay Sethupathi, Jayaprakash, Thulsi, Ishwarya Rajesh, Balasaravanan, Neelima Rani"
Yennai Arindhaal,Action,UA,05 Feb 2015,2 hrs 56 mins,Ajith Kumar,Trisha Krishnan,3.5,4.1,Playing a character that gives him the chance to be someone his age; he turns on the charms and taps into the coolly aggressive persona,"Ajith Kumar, Trisha, Anushka, Arun Vijay, Vivekh, Anikha, Parvathy Nair, Stunt Silva"
I,Sci-Fi,UA,14 Jan 2015,3 hrs 9 mins,Vikram,Amy Jackson,3.5,4.3,An escapist fare that will resonate with those who read fairy tales at bedtime.,"Vikram, Amy Jackson, Upen Patel, Santhanam, Suresh Gopi"
Bhooloham,Action,UA,24 Dec 2015,2 hrs 23 mins,Jayam Ravi,Trisha Krishnan,3,3.2,"Every twist and turn is visible a mile ahead, so it brings down the excitement.","Jayam Ravi, Trisha, Prakash Raj, Nathan Jones, Ponvannan, Shanmugarajan, Arpit Ranka"
Pasanga-2,Drama,UA,24 Dec 2015,2 hrs 7 mins,,,3,3.6,The film will certainly appeal to an undemanding viewer.,"Master Nishesh, Baby Vaishnavi, Munishkanth, Vidya Pradeep, Karthik Kumar, Bindu Madhavi, Suriya, Amala Paul, Master Aarush, Baby Tejaswini"
Vellaiya Irukiravan Poi Solla Maatan,Comedy,UA,24 Dec 2015,2 hrs 9 mins,,,3,3.1,A young man decides to blackmail his ex for money and use the cash for his father's medical treatment.,"Praveen Kumar, Shalini, Naen, Balasaravanan, Jayaprakash, Karthik Kumar, Sanam Shetty, Aruldoss"
Eetti,Action,UA,11 Dec 2015,2 hrs 22 mins,Atharvaa Murali,Sri Divya,3,3.4,Atharvaa holds things together and carries the film past the finish line.,"Atharvaa, Sri Divya, RNR Manohar, Adukalam Naren, Jayaprakash, Selva, Thirumurugan, Azhagamperumal"
Uppu Karuvadu,Comedy,UA,27 Nov 2015,2 hrs 22 mins,Karunakaran,Nandita Swetha,3,3.1,Uppu Karuvadu feels like a Jigarthanda-meets-Kathai Thiraikathai Vasanam Iyakkam (KTVI).,"Karunakaran, Nandita, MS Bhaskar, Mayilsamy, Chawms, Narayan, Doubt Senthil, Kumaravel, Rachitha Dinesh, Marimuthu"
Inji Iduppazhagi,Romance,UA,26 Nov 2015,2 hrs 11 mins,Arya,Anushka,3,3.1,The problem with Inji Iduppazhagi is that the script exhibits a split personality.,"Anushka, Arya, Sonal Chauhan, Urvashi, Prakash Raj, Gollapudi Maruti Rao"
Madras,Action,UA,26 Sep 2014,2 hrs 36 mins,Karthik,Catherine Tresa,4,4,"We think we know what the outcome of a scene would be, but he constantly surprises us with how the scene is executed","Karthi, Catherine Tresa Alexander, Kalaiarasan, Vinoth, Nanthakumar, Rama, Rithika, Jayabalan"
Jigarthanda,Action,UA,01 Aug 2014,2 hrs 50 mins,Siddharth,Lakshmi Menon,4,4.3,The film reinforces that Karthik Subbaraj is one of the exciting filmmakers of our time,"Siddharth, Lakshmi Menon, Simhaa, Karuna, Naren, Ambika"
Vaayai Moodi Pesavum,Fantasy,UA,25 Apr 2014,2 hrs 20 mins,Dulquer Salmaan,Nazriya Nazim,4,3.9,"Humour is Balaji Mohan's trump card and he provides that in liberal doses and in every form, from intelligent ones to downright silly","Dulquer Salmaan, Nazriya Nazim, Madhoo, R Pandiarajan, Vinu Chakravarthy, Arjunan, Blade Shankar, John Vijay"
Ayirathil Oruvan,Adventure,A,14 Jan 2014,2 hrs 50 mins,,,4,3.7,"It is remarkable that for an almost three-hour film, the film whizzes past from scene to scene and any problem that we may have with the dated staging or the theatrical acting is washed away by the narrative","MGR, Jayalalithaa, MN Nambiar, RS Manohar, Nagesh, SV Ramadoss"
Meaghamann,Action,A,25 Dec 2014,2 hrs 19 mins,Arya,Hansika Motwani,3.5,3.5,"Meaghamann takes a while to pick up, but once we get the background info on the gangs and cops, we are drawn into the plot","Arya, Hansika, Sudhanshu Pandey, Ashutosh Rana, Ramana, Harish Uthaman, Anupama Kumar, Mahadevan, Ashish Vidyarthi"
Ra,Horror,UA,05 Dec 2014,1 hr 49 mins,,,3.5,3.5,Ra is a haunted house thriller but the writers introduce an element of fantasy that gives it a different colour,"Ashraf, Aditi Chengappa, Lawrence Ramu, Rithika, Ravi Prakash, JP Jay"
Kaaviyathalaivan,Drama,UA,28 Nov 2014,2 hrs 31 mins,,,3.5,3.7,The earnestness with which the team has worked on the film is quite evident on screen that we often tend to overlook the weaker aspects,"Siddharth, Prithviraj, Vedhicka, Nasser, Anaika, Thambi Ramaiah, Singam Puli"
Naaigal Jaakirathai,Thriller,UA,21 Nov 2014,1 hr 54 mins,Sibi Sathyaraj,Arundhathi Nair,3.5,3.7,"Shakti Soundar Rajan gives us a film that is more of an investigative thriller in which the dog plays a central role, and it does keep you engaged","Idoh The Dog, Sibiraj, Arundhati, Balaji Venugopal, Mayilsamy, Manobala"
Kuraiondrumillai,Drama,UA,10 Oct 2014,2 hrs 1 min,,,3.5,3.6,A bunch of inexperienced youngsters come together to deliver a film that can so easily be cited as a fine example of responsible filmmaking,"Geethan, Haritha, Hitler, Krishna Viswanathan, Sathiya Moorthy, Amrutha Srinivasan, Mani Megalai"
Kathai Thiraikathai Vasanam Iyakkam,Drama,UA,15 Aug 2014,2 hrs 8 mins,Santhosh Prathap,Akhila Kishore,3.5,3.7,"The film moves forward and backward, sideways and at times even nowhere but the writing is quite good that we are always clear where it stands","Santhosh Prathap, Akhila Kishore, Thambi Ramaiah, Dinesh Natarajan, Lallu Prasath, Sahithya Jagannathan, Vijay Ram, Mahalakshmi"
Sathuranka Vettai,Crime,UA,18 Jul 2014,2 hrs 25 mins,,,3.5,3.4,"The real hero of Sathuranka Vettai is its script, which, with its twists and turns, keeps us guessing for most parts of the film","Nataraj, Ishara Nair, Ponvannan, Ilavarasu, Dharani"
Saivam,Drama,UA,27 Jun 2014,2 hrs 0 mins,,,3.5,3.5,"Vijay has created a two-hour-long feel-good film, which is part humourous and part sentimental but never delves into melodrama","Sara, Nasser, Luthfudeen Basha, Twaara Desai, Vidya, George, Malathi"
Mundasupatti,Comedy,UA,13 Jun 2014,2 hrs 28 mins,Vishnu Vishal,Nandita Swetha,3.5,3.8,Mundasupatti is one heady cocktail when it comes to the genres that the film dabbles in,"Vishnu Vishal, Nandita, Kaali Venkat, Ramadas, Anandaraj"
Kochadaiiyaan,History,U,23 May 2014,1 hr 50 mins,Rajinikanth,Deepika Padukone,3.5,3.7,Kochadaiiyaan succeeds not because of technology but because of the writing,"Rajinikanth, Deepika Padukone, Nasser, Jackie Shroff, Sarath Kumar, Aadhi, Shobana, Nagesh"
Yennamo Nadakkudhu,Thriller,UA,25 Apr 2014,2 hrs 7 mins,Vijay Vasanth,Mahima Nambiar,3.5,3.4,The film is tautly written with one scene leading into another or informing the other so that there is hardly a wasted moment.,"Vijay Vasanth, Mahima, Prabhu, Rahman, Thambi Ramaiah, Saranya Ponvannan, Vincent Asokan"
O Kadhal Kanmani,Romance,UA,17 Apr 2014,2 hrs 18 mins,Dulquer Salmaan,Nithya Menon,3.5,4.1,"The film is a spiritual cousin to another Mani Ratnam outing, Alaipayuthey","Dulquer Salmaan, Nithya Menen, Prakash Raj, Leela Samson, Ramya"
Oru Kanniyum Moonu Kalavaanikalum,Comedy,UA,04 Apr 2014,2 hrs 21 mins,Arulnithi,Bindhu Madhavi,3.5,3.5,"The first hour of OKMK is a terrific, nail-biting black comedy cum thriller and soon turns into a what-f movie","Arulnithi, Bindu Madhavi, Bagavathi Perumal, Ashrita Shetty, Karthik Sabesh, Nasser, Ravi Raghavendra, VS Raghavan, Delhi Ganesh, Aadukalam Naren"
Inam,Drama,UA,28 Mar 2014,2 hrs 3 mins,,,3.5,3.5,"Inam wants to show how war can tear apart the moral fibre of humans, and how it affects even those who aren’t involved in the fighting","Sugandha Ram, Star Karan, Saritha, Karunas, Shyam Sundar, Janaki"
Cuckoo,Romance,UA,21 Mar 2014,2 hrs 42 mins,Dinesh,Malavika,3.5,4,The film would have benefitted if it had gone through another round or two of editing at the scripting stage.,"Dinesh, Malavika, Ilango, Aadukalam Murugadas"
Vallinam,Sports,UA,28 Feb 2014,2 hrs 27 mins,,,3.5,3.7,The filmmaking too is a bit heavy-handed here when a little bit of understatement would have been welcome,"Nagulan, Mrudhula, Sidhu, Atul Kulkarni, Amzath, Jegan, Chandru, Jayaprakash"
Goli Soda,Action,UA,24 Jan 2014,2 hrs 4 mins,,,3.5,4.2,Four lads find themselves in a situation where they have to take on a powerful man (and his innumerable henchmen) to reclaim their identity.,"Kishore, Sreeram, Pandi, Murugesh, Chandhini, Seetha, Sujatha, Madhusudhan, RK Vijaimurugan, Imman Annachi"
Jilla,Action,UA,10 Jan 2014,3 hrs 2 mins,Vijay,Kajal Aggarwal,3.5,4.4,"As far as commercial films are concerned, Jilla is definitely assured filmmaking","Vijay, Mohanlal, Kajal Aggarwal, Sampath, Soori, Mahath, Poornima Bhagyaraj, Nivetha Thomas"
Kayal,Romance,UA,25 Dec 2014,2 hrs 19 mins,,,3,3.1,"Towards the end, we lose our empathy for the characters and that is the film’s biggest tragedy","Chandran, Ananthi, Vincent, Devarajan, Florent Pereira, Harathy"
Kappal,Romance,UA,25 Dec 2014,2 hrs 36 mins,Vaibhav Reddy,Sonam Bajwa,3,3.2,"A comedy that is often silly, at times offensive but overall funny","Vaibhav, Sonam Bajwa, Karunakaran, Arjunan, VTV Ganesh, Venkat Sundar"
Pissasu,Horror,UA,18 Dec 2014,1 hr 54 mins,,,3,3.4,It starts out as a horror film but gradually turns into an emotional drama,"Naga, Prayaga, Radha Ravi, Kalyani, Nimmi"
Kaadu,Drama,UA,21 Nov 2014,2 hrs 26 mins,,,3,3.4,"The film has a vision, but there are so many detours in his plot that make the journey long and winding a bit.","Vitharth, Samskruthi, Muthukumar, Samuthirakani, Thambi Ramaiah, Naren, Singam Puli"
Thirudan Police,Comedy,UA,14 Nov 2014,2 hrs 16 mins,Dinesh,Aishwarya Rajesh,3,2.9,"The tone is uneven — one moment we are asked to get sentimental and then in the next, we are told to laugh","Dinesh, Iyshwarya Rajesh, Bala Saravanan, Naan Kadavul Rajendran, John Vijay, Muthuraman, Nitin Sathya, Rajesh, Aadukalam Naren"
Nerungi Va Muthamidathe,Drama,UA,31 Oct 2014,1 hr 54 mins,,,3,2.9,"Using a multi-strand narrative, Lakshmy Ramakrishnan constructs a film that is part road movie, part thriller, and part drama","Shabeer, Pia Bajpai, Sruthi Hariharan, Y Gee Mahendra, AL Alagappan, Thambi Ramaiah, Bala Saravanan"
Poojai,Action,UA,22 Oct 2014,2 hrs 40 mins,Vishal,Shruthi Hassan,3,3.1,"Poojai is closer to Vel in Hari’s filmography — not as powerful as Saamy but at the same time, not tedious like Seval","Vishal, Shruti Haasan, Sathyaraj, Radikaa Sarath Kumar, Mukesh Tiwari, Soori"
Kaththi,Action,UA,21 Oct 2014,2 hrs 46 mins,Vijay,Samantha Ruth Prabhu,3,3.6,"Kaththi is overlong, over-the-top, over-familiar, and overtly preachy","Vijay, Samantha, Neil Nitin Mukesh, Sathish, Tota Roy Chowdhury"
Paradesi,Drama,UA,15 Mar 2013,Nan,Atharvaa Murali,Sai Dhanshika,4.5,4.1,Editor Kishore T E ensures a crisp and satisfying watch. But what shines through all this is the vision of Bala.,"Atharvaa, Vedika, Dhansikaa"
Vasantha Maligai,Romance,UA,08 Mar 2013,2 hrs 50 mins,,,4.5,3.4,"Along with last year’s Karnan, Vasantha Maligai is further proof that old is indeed gold.","Sivaji Ganesan, Vanisri, Santhakumari, K Balaji, Nagesh, Srikanth, Major Sundarrajan, Pandari Bai"
Thalaimuraigal,Drama,UA,20 Dec 2013,1 hr 45 mins,,,4,4.1,"there is plenty of genuineness and warmth, which, elevated by the minimalist storytelling and genteel performances turn this simple film into the feel-good film of the year.","Balu Mahendra, Master Karthick, Sashi Kumar Subramony, Ramya Shankar, Vinodhini, Sasikumar"
Kalyana Samayal Saadham,Romance,UA,06 Dec 2013,2 hrs 11 mins,Prasanna,,4,4.1,"But, for all the subtext, the film plays out like a bubbly romantic comedy","Prasanna, Lekha Washington, Delhi Ganesh, Uma Padmanabhan, Raghav, Kathadi Ramamurthy"
Maryan,Drama,UA,19 Jul 2013,2 hrs 31 mins,Dhanush,Parvathi Menon,4,3.3,"A soulful love story, but candy floss is not on the menu.","Dhanush, Parvathy Menon, Jagan, Appukutty, Salim Kumar, Uma Riyaz Khan, Vinay"
Soodhu Kavvum,Comedy,UA,01 May 2013,2 hrs 17 mins,Vijay Sethupathi,Sanchita Shetty,4,4.2,Nalan Kumarasamy establishes himself as a director to watch out for in this laugh riot of a debut movie.,"Vijay Sethupathy, Simha, Sanchita Shetty, Karunakaran, RJ Ramesh Thilak, Ashok Selvan, Yog Japee, M S Bhaskar, Radha Ravi"
Chennaieil Oru Naal,Thriller,UA,29 Mar 2013,1 hr 56 mins,Sarathkumar,Radhika Sarathkumar,4,4,Chennaieil Oru Naal is a well-crafted movie that will shake you up and haunt you even after you get out the theatre.,"Prakash Raj, Radhikaa, Sarath Kumar, Cheran, Prasanna, Mithun, Lakshmy Ramakrishnan, Jayaprakash, Sachin, Parvathi Menon, Iniya"
Madha Yaanai Koottam,Action,UA,25 Dec 2013,2 hrs 19 mins,Kathir,Oviya helen,3.5,3.8,The film loses a bit of steam in the second half as it soon turns from being a deceptive and volatile multi-threaded plot into a very familiar one-track narrative about revenge,"Kathir, Oviya, Murugan Jee, Viji, Vela Ramamoorthy, Srijith"
Biriyani,Action,UA,20 Dec 2013,2 hrs 29 mins,Karthik,Hansika Motwani,3.5,3.7,Fun is certainly the core of Venkat Prabhu movies — not only the fun he has while making a film but the fun the audiences have while watching them,"Karthi, Premgi Amaren, Hansika, Nasser, Ramki, Mandy Thakkar, Sampath, Prem"
Vidiyum Munn,Thriller,UA,29 Nov 2013,2 hrs 19 mins,,,3.5,4,"The one major misstep is the climax, which is quite anti-climatic, but there some nail-biting moments","Pooja Umashankar, Malavika Manikuttan, Vinod Kishan, John Vijay, Amarendran, Lakshmy Ramakrishnan"
Pandiya Nadu,Action,UA,02 Nov 2013,2 hrs 25 mins,Vishal,Lakshmi Menon,3.5,4,"Suseenthiran gives us a smartly-written action drama, the film’s sore point is the romantic track.","Vishal, Lakshmi Menon, Bharathirajaa, Sharath Lohitashwa, Soori, Vikranth"
Ninaithale Inikkum,Romance,UA,04 Oct 2013,2 hrs 20 mins,Kamal Hassan,,3.5,3.7,"A four-member band goes to Singapore for a gig and the band’s lead singer falls in love with Sona, an enigmatic fan and a tragedy waiting to happen.","Kamal Haasan, Jayapradha, Rajinikanth,"
Idharkuthaane Aasaipattai Balakumara,Comedy,UA,02 Oct 2013,2 hrs 25 mins,Vijay Sethupathi,Nandita Swetha,3.5,3.1,The film lacks the sophistication of a Soodhu Kavvum or Pizza but makes up for it in sheer likeability.,"Vijay Sethupathi, Ashwin, Nandita, Swati, Pasupathy, Pattimandram Raja, Naan Kadavul Rajendran"
Onaiyum Aatukuttiyum,Thriller,UA,27 Sep 2013,2 hrs 23 mins,,,3.5,4.1,"Onaiyum Naikuttiyum, while a rung below Anjathey in the filmography of Mysskin, is a tense thriller.","Mysskin, Sree, Shaji, Bharath, Chaitanya, Mona"
Thanga Meenkal,Drama,UA,30 Aug 2013,2 hrs 20 mins,Ram,,3.5,2.8,"Thanga Meenkal, is in many ways a mirror image of the director’s flawed but fascinating debut film.","Ram, Baby Sadhana, Shelly Kishore, Rohini, Poo Ram, Padmapriya, Arul Dass, Lissy"
Aadhalal Kadhal Seiveer,Romance,UA,15 Aug 2013,1 hr 45 mins,Santhosh,Manisha Yadav,3.5,3.5,"Collegemates Karthik and Shweta fall in love and take it to the next level but the girl soon discovers that she is pregnant. And, when the parents find out, the consequences are startling…","Santhosh, Manisha Yadav, Jayaprakash, Thulasi, Poornima Bhagyaraj, Ramnath Shetty"
Singam 2,Action,UA,04 Jul 2013,2 hrs 47 mins,Suriya,Anushka,3.5,3.3,"It is fun to watch a slick commercial film and ‘Singam-2’ doesn’t disappoint, with Suriya in fine form as a cop who can do no wrong.","Suriya, Anushka, Hansika Motwani, Vivekh, Rahman, Mukesh Rishi, Danny Sapani, Santhanam"
Thillu Mullu,Comedy,UA,14 Jun 2013,2 hrs 20 mins,Shiva,Isha Talwar,3.5,2.8,"Will we remember Thillu Mullu version 2.0 years later. Probably not, but there is no denying the fact that it is entertaining while it lasts.","Shiva, Isha Talwar, Prakash Raj, Kovai Sarala, Soori, Monisha, Ilavarasu, Santhanam"
Theeya Velai Seyyanum Kumaru,Comedy,UA,14 Jun 2013,2 hrs 19 mins,Siddharth,Hansika Motwani,3.5,2.9,"If the movie works despite its predictable storyline, it is because of the terrific effort put in by the supporting cast.","Siddharth, Hansika Motwani, Santhanam, Ganesh Venkataraman, RJ Balaji, Vidyullekha Raman"
Neram,Romance,UA,10 May 2013,1 hr 57 mins,Nivin Pauly,Nazriya Nazim,3.5,3.3,The perfect casting works as a big positive for the movie. Nivin and Nazriya look natural as a couple in love.,"Nivin Pauly, Nazriya Nazim, Bobby Simha, John Vijay, Thambi Ramaiah, Nasser, RJ Ramesh Thilak"
Udhayam NH-4,Action,UA,19 Apr 2013,2 hrs 11 mins,Siddharth,Ashrita Shetty,3.5,2.9,The movie is an engaging watch thanks to the clean editing by Kishore T E.,"Siddharth, Ashrita Shetty, Kay Kay Menon"
Settai,Comedy,UA,05 Apr 2013,2 hrs 10 mins,Arya,Hansika Motwani,3.5,2.7,Forget there was a Delhi Belly and you’ll have a good time watching this film; even more so if you dig bathroom humour.,"Arya, Santhanam, Premgi, Anjali, Hansika, Nasser"
Kedi Billa Killadi Ranga,Comedy,UA,29 Mar 2013,2 hrs 28 mins,Sivakarthikeyan,Regina Cassandra,3.5,3.3,What sets this film apart is in the refreshingly effortless manner in which the director spins his tale.,"Vemal, Sivakarthikeyan, Bindu Madhavi, Regina Cassandra, Soori, Delhi Ganesh, Manoj Kumar"
Haridas,Drama,UA,22 Feb 2013,2 hrs 34 mins,,,3.5,3.7,"The only sore point of the movie, if one could point out, is the unnecessary item song in the first half of the movie.","Kishore, Prithviraj Das, Sneha, Pradeep Rawat, Suri, Yuhi Sethu"
Kanna Laddu Thinna Aasaiya,Comedy,UA,13 Jan 2013,2 hrs 20 mins,Santhanam,Vishakha Singh,3.5,3.1,"Manikandan gives all the three leads almost equal screen time, and maintains an easy pace throughout.","Santhanam, ‘Power Star’ Dr Srinivasan, Sethu, Vishakha Singh, V T V Ganesh, Shiv Shankar, Kovai Sarala, Devadarshini"
The Villa - Pizza 2,Horror,UA,14 Nov 2013,1 hr 42 mins,Ashok Selvan,Sanchita Shetty,3,3.1,"Comparisons with Pizza are inevitable and that is when The Villa’s cracks become evident. For one, this film is less fun and more moody.","Ashok Selvan, Sanchita, Nasser, Pizza Jayakumar, Boys Rajan, Veera Santhanam"
Arrambam,Thriller,UA,31 Oct 2013,2 hrs 32 mins,Ajith Kumar,Nayanthara,3,3.7,"Arrambam is a very familiar tale of corruption, betrayal and revenge, served up with a dash of style.","Ajith Kumar, Arya, Nayanthara, Taapsee, Mahesh Manjrekar, Atul Kulkarni, Kishore, Rana Daggubati, Suman Ranganath"
Vanakkam Chennai,Comedy,UA,11 Oct 2013,2 hrs 31 mins,Shiva,Priya Anand,3,3.1,Vanakkam Chennai is slick and enjoyable to an extent but also predictable.,"Shiva, Priya Anand, Santhanam, Rahul Ravindran, Urvasi, Renuka, Nizhalgal Ravi"
Raja Rani,Romance,UA,27 Sep 2013,2 hrs 44 mins,Arya,Nayanthara,3,3.3,"Even if things aren’t interesting below the surface, the director manages to keep them entertaining.","Arya, Jai, Nayanthara, Nazriya Nazim, Santhanam, Sathyaraj, Sathyan"
6 Melugu Vathigal,Thriller,UA,20 Sep 2013,2 hrs 11 mins,Shaam,,3,3.4,This is a sincerely made film that tries to ride on its lead performance.,"Shaam, Poonam Kaur, Master Vivedan, Munnar Ramesh, Anil Murali"
Vazhakku Enn 18/9,Drama,UA,04 May 2012,2 hrs 0 mins,Sri,,4.5,4.3,It is a bravura piece of filmmaking that will leave you stunned — and even invigorated — by the time it ends.,"Sri, Urmila Mahanta, Mithun Murali, Manisha Yadav, Muthuraman"
Naduvula Konjam Pakkatha Kaanom,Comedy,UA,30 Nov 2012,2 hrs 45 mins,Vijay Sethupathi,Gayathri,4,3.6,"A slip-up on the cricket field results in short-term memory loss for Prem (Vijay Sethupathy), who is set to marry his lover Dhanalakshmi (Gayatri) in a couple of days.","Vijay Sethupathy, Gayathri, Bagavathi Perumal, Rajkumar, Vigneswaran"
Sivaji 3D,Action,UA,12 Dec 2012,2 hrs 35 mins,Rajinikanth,Shriya Saran,4,3.6,Sivaji is still a very engaging watch in its 3D avatar because the issues it spoke about are still relevant.,"Rajinikanth, Shriya Saran, Vivekh, Suman, Raghuvaran"
Aarohanam,Drama,UA,26 Oct 2012,1 hr 30 mins,,,4,2.6,A must see for all lovers of good cinema.,"Viji Chandrashekhar, Marimuthu, Jai Queheni, Veeresh, Rajee Vijayasarathy, Uma Padmanabhan, Jayaprakash, Kavithalaya Krishnan, Sampath"
Pizza,Thriller,UA,19 Oct 2012,2 hrs 8 mins,Vijay Sethupathi,Ramya Nambeesan,4,3.9,"The perfect snack, served hot and delicious, at a time when the city is drowning in rain.","Vijay Sethupathy, Ramya Nambeesan, Naren, Jayakumar, Karunakaran"
Kaadhalil Sodhappuvadhu Yeppadi,Romance,UA,17 Feb 2012,2 hrs 15 mins,Siddharth,Amala Paul,4,3.9,"Go for it if you are in love, and also if you are suffering from a heartbreak.","Siddharth, Amala Paul, Arjun, Vignesh, Suresh, Ravi Raghavendra, Surekha Vani, Sriranjani, Shyam, Pooja"
Kumki,Drama,UA,14 Dec 2012,2 hrs 27 mins,Vikram Prabhu,Lakshmi Menon,3.5,2.9,"Kumki, Prabu Solomon’s ode to love in the times of elephant attacks, holds a lot of promise but sadly flatters only to deceive.","Vikram Prabhu, Lakshmi Menon, Thambi Ramaiah, Ashwin Raja, Manikkam the elephant"
Neethaane En Ponvasantham,Romance,UA,14 Dec 2012,2 hrs 33 mins,Jiiva,,3.5,2.9,"An ideal date movie, despite the slow pace and the flaws.","Jiiva, Samantha, Santhanam, Vidyullekha Raman, Ravi Raghavendra, Anupama Kumar"
Samar,Mystery,UA,13 Dec 2012,2 hrs 18 mins,Vishal,Trisha Krishnan,3.5,3,"If there is something to nitpick, it is only that the film never transcends its genre thrills to become something more.","Vishal, Trisha, J D Chakravarthy, Manoj Bajpayee, Sunaina, Jayaprakash, John Vijay, Sampath"
Neerparavai,Drama,UA,30 Nov 2012,2 hrs 17 mins,Vishnu Vishal,Sunainaa,3.5,3,The major strength of Neerparavai is the authenticity with which it recreates the life of a fishing community.,"Vishnu, Sunaina, Nandita Das, Saranya Ponvannan, Samuthirakani"
Thuppakki,Action,UA,13 Nov 2012,2 hrs 40 mins,Vijay,Kajal Aggarwal,3.5,3.9,It was a masterstroke by director A R Murugadoss to locate 'Thuppakki' (gun) in Mumbai.,"Vijay, Kajal Agarwal, Sathyan, Vidyut Jamwal, Jayaram, Zakir Hussain"
Maattrraan,Drama,UA,12 Oct 2012,2 hrs 48 mins,Suriya,Kajal Aggarwal,3.5,3.1,"In Maattrraan, the makers, attempt to warn us about the dangers of genetic engineering and interfering with nature.","Suriya, Kajal Agarwal, Sachin Khedekar, Thara, Ravi Prakash, Irina Maleeva"
Sundarapandian,Drama,UA,13 Sep 2012,2 hrs 35 mins,Sasikumar,Lakshmi Menon,3.5,3.2,"The racy script, easy flowing dialogues and the twists he introduces in the screenplay to take it off the beaten path are commendable.","M Sasikumar, Lakshmi Menon, Soori, Vijay Sethupathi, Inigo Prabhakaran, Appukutty, Sounthara Raja"
Mugamoodi,Action,UA,31 Aug 2012,2 hrs 37 mins,Jiiva,Pooja Hegde,3.5,2.5,"Though the mask, cape and body hugging suit are bang on, where the director fails is in giving Mugamoodi a worthy adversary to match wits with.","Jiiva, Narain, Pooja Hegde, Selvaah, Nasser, Girish Karnad"
Attakathi,Romance,UA,15 Aug 2012,2 hrs 26 mins,Dinesh,Nandita Swetha,3.5,2.7,Ignore the hype machine and go with an open mind and you will enjoy this better.,"Dinesh, Nanditha, Aishwarya, Velu, Meenakshi"
Naan,Thriller,UA,15 Aug 2012,2 hrs 15 mins,Vijay Antony,Rupa Manjiri,3.5,3.7,"The tagline of the movie says “No one is perfect”, but it is good to see debutant directors and actors striving to attain it.","Vijay Antony, Siddharth, Vijay Victor, Rupa Manjiri, Anuya, Krishnamoorthy"
Madhubaanakadai,Drama,UA,02 Aug 2012,1 hr 52 mins,,,3.5,3.1,"Even if experimental films aren’t your cup of tea (or glass of beer in this case), just take a sip and you won’t regret tasting it.","N T Rajkumar, Karthi Vel, Arvind Annamalai, Diana, Ramu, Ravi, Paruthi, Rajan Bala"
Kalakalappu,Comedy,UA,11 May 2012,2 hrs 35 mins,Shiva,Oviya helen,3.5,3.6,Kalakalappu remains true to its title and is jolly good fun throughout.,"Vimal, Shiva, Santhanam, Anjali, Oviya, John Vijay, Subbu"
Leelai,Romance,UA,27 Apr 2012,2 hrs 20 mins,,,3.5,3.9,The director ties up himself in knots and fumbles while trying to unravel them.,"Shiv Pandit, Manasi Parekh, Santhanam, Suhasini, Lakshmi Ramakrishnan"
Krishnaveni Panjaalai,Drama,UA,14 Apr 2012,2 hrs 0 mins,,,3.5,2.9,‘Krishnaveni Panjaalai’ works in parts and could have been more engaging had its screenplay been more tightly knit.,"Hemachandran, Nandana, Rajiv Krishna, Shanmuga Raja, M S Bhaskar"
Oru Kal Oru Kannadi,Romance,UA,13 Apr 2012,2 hrs 52 mins,Udhayanidhi Stalin,Hansika Motwani,3.5,3.2,How else does one explain sitting through almost a three-hour-long movie without realising the passage of time?,"Udhayanidhi Stalin, Santhanam, Madhumita, Hansika Motwani, Saranya Ponvannan, Azhagamperumal, Sayaji Shindi, Uma Padmanabhan"
Kazhugoo,Romance,UA,16 Mar 2012,2 hrs 15 mins,Krishna,Bindhu Madhavi,3.5,2.8,The director has a clear sense of what he is doing and hence the film is gripping from start to finish.,"Krishna, Bindu Madhavi, Thambi Ramaiah, Karunas, Jayaprakash, Sugibala"
Aravaan,Drama,UA,02 Mar 2012,2 hrs 48 mins,,,3.5,3.7,A period film that recreates the lives of certain communities of ancient Madurai.,
Ambuli,Horror,UA,17 Feb 2012,2 hrs 15 mins,,,3.5,3.5,"Though horror movie fans are guaranteed their kicks, the 3D movie is clean fun for the whole family too.","Srijith, Ajay, Parthiepan, Thambi Ramaiah, Sanam, Jagan, Gokul"
Dhoni,Drama,UA,10 Feb 2012,Nan,Prakash Raj,Radhika Apte,3.5,3,A must-watch for all parents and children for the pertinent points it makes about how we view education and success!,"Prakash Raj, Aakash, Radhika Apte, Murli Sharma, Nasser"
Nanban,Comedy,UA,12 Jan 2012,Nan,Vijay,Ileana D Cruz,3.5,3.6,"Shankar's retelling of ""3 Idiots"" retains its soul and has its heart in the right place.","Vijay, Jiiva, Srikanth, Ileana, Sathyaraj, Sathyan"
Poda Podi,Romance,UA,13 Nov 2012,Nan,Silambarasan,Varalaxmi Sarathkumar,3,2.3,"The story is lopsided at most times, titling towards the man's point-of-view.","Silambarasan, Varalaxmi Sarathkumar, VTV Ganesh, Shobhana"
Thaandavam,Drama,UA,28 Sep 2012,2 hrs 47 mins,Vikram,Anushka,3,2.6,"Director Vijay misses some steps; with a faster pace, this Thaandavam could have made much more impact.","Vikram, Jagapathi Babu, Anushka, Amy Jackson, Lakshmi Rai, Nasser, Santhanam"
Saattai,Drama,UA,21 Sep 2012,2 hrs 18 mins,Samuthirakani,Mahima Nambiar,3,3.1,Saattai is a commercial potboiler dressed up as arty fare.,"Samuthirakani, Thambi Ramaiah, Yuvan, Mahima, Junior Balaiah, Swasika"
Chaarulatha,Horror,UA,21 Sep 2012,2 hrs 5 mins,,Priya Mani,3,2.8,Chaarulatha could well mark the beginning of a very welcome trend in Indian cinema.,"Priya Mani, Skanda, Saranya Ponvanan, Seetha, Sai Sasi"
Aaranya Kaandam,Action,UA,10 Jun 2011,Nan,,,4.5,4.3,The writing (Kumararaja) and acting is very good and the characters are fleshed out very well.,"Jackie Shroff, Sampath, Yasmin Ponappa, Ravi Krishna, Guru Somasundaram, Master Vasanth, Ajai Raj"
Vaagai Sooda Vaa,Comedy,UA,29 Sep 2011,Nan,Vimal,Iniya,4,4,"Sargunam comes up with an engaging narrative in ‘Vaagai Sooda Vaa’, with few dull moments in between.","Vimal, Iniya, Thambi Ramaiah, Ponvannan, K Bhagyaraj, Kumaravel"
Engeyum Eppodhum,Romance,UA,16 Sep 2011,Nan,Jai,Anjali,4,3.9,The film is the perfect example of a movie relying solely on its screenplay and performances to strike it rich,"Anjali, Jai, Ananya and Sharwanand"
Mankatha,Action,UA,31 Aug 2011,2 hrs 11 mins,Ajith Kumar,Trisha Krishnan,4,4,"This Venkat Prabhu game is a good watch, especially because of Ajith's baddie act.","Ajith, Arjun, Trisha, Jayaprakash, Vaibhav, Lakshmi Rai, Premji, Anjali, Mahat Raghavendra, Ashwin Kakumanu, Andrea Jeremiah, Arvind Akash, Subbu Panchu"
Azhagarsamiyin Kudhirai,Drama,UA,12 May 2011,Nan,,,4,4.2,Go for it. It’s a ride that is worth your time.,"Appukutty, Saranya Mohan, Prabhakaran, Advaita, Soori, Aruldass"
Ko,Action,UA,22 Apr 2011,Nan,Jiiva,Karthika Nair,4,4,"Director Anand gives notice of his immense talent once again, making a movie that is all set to lord over the box office this summer!","Karthika Nair, Piaa Bajpai, Ajmal Ameer, Prakash Raj, Kota Srinivasa Rao, Bose Venkat"
Yudham Sei,Thriller,UA,03 Feb 2011,Nan,Cheran,,4,4,‘Yuddham Sei’ carries all the weapons needed for it to win its battle at the box-office.,"Cheran, Jayaprakash, Deepa Shah, Y G Mahendra, Lakshmi Ramakrishnan"
Poraali,Drama,UA,01 Dec 2011,Nan,Sasikumar,,3.5,3,"Sasikumar is the strength of 'Poraali', and rightfully enjoys the maximum screen space.","Sasikumar, Allari Naresh, Swati, Nivetha, Ganja Karuppu, Vasundhara, Suri, Namo Narayanan"
Mayakkam Enna,Drama,UA,25 Nov 2011,2 hrs 25 mins,Dhanush,Richa Gangopadhyay,3.5,3.2,The movie is a beautiful study on love and friendship -- the emotions are very complex.,"Dhanush, Richa Gangopadhyay, Sunder Ramu, Ravi Prasad"
Velayudham,Drama,UA,26 Oct 2011,Nan,Vijay,Hansika Motwani,3.5,3.4,"Vijay can do no wrong, especially with a movie tailor-made to suit his image.","Vijay, Santhanam, Genelia D'Souza, Hansika Motwani, Saranya Mohan, M S Bhaskar, Sayaji Shinde, Abhimanyu Singh, Vincent Asokan"
Payanam,Thriller,UA,11 Feb 2011,Nan,Nagarjuna,,3.5,3.6,‘Payanam’ would have been a more engaging watch only if the journey was a littler shorter.,"Nagarjuna, Prakash Raj, M S Prabhu, Prithviraj and Chams"
Mounaguru,Drama,UA,16 Dec 2011,Nan,Arulnithi,Iniya,3,3,Mounaguru could very well prove to be silent killers at the box-office.,"Arulnidhi, John Vijay, Uma Riyaz Khan, Murugadas, Iniya"
7 Aum Arivu,Drama,UA,26 Oct 2011,Nan,Suriya,Shruthi Hassan,3,3.1,"If the movie deserves a look, it is only because of the ever-dependable Suriya.","Suriya, Shruti Haasan, Johnny Tri Nguyen"
Muran,Drama,UA,30 Sep 2011,Nan,Prasanna,,3,3.1,A tighter screenplay and a shorter running length would have made ‘Muran’ a much more engaging conflict to watch.,"Cheran, Prasanna, Haripriya, Nikitha, Jayaprakash"
Potta Potti 50-50,Comedy,UA,05 Aug 2011,Nan,Sadagopan Ramesh,,3,2.8,"A small, delightful movie with quirky characters, which occasionally reminds you of ""Lagaan"".","Sadagopan Ramesh, Harini, Mayilsamy, R Sivam, 'Avathar' Ganesh, Umar"
Veppam,Action,UA,29 Jul 2011,Nan,Nani,Bindhu Madhavi,3,2.6,"‘Veppam’ (heat), leaves the audience quite cold when it finally ends.","Nani, Karthik Kumar, Nithya Menen, Bindhu Madhavi, Muthukumar, Jennifer"
Vaanam,Drama,UA,29 Apr 2011,Nan,Silambarasan,Anushka,3,2.8,The film largely works because Krish does not deviate much from his original script.,"Silambarasan, Anushka, Bharath, Prakash Raj, Saranya, Santhanam, Sonia Agarwal, Ravi Prakash, Vega, V T V Ganesh, Jayaprakash"
Kullanari Koottam,Romance,UA,25 Mar 2011,Nan,Vishnu Vishal,Ramya Nambeesan,3,3.1,"Though it could have been made into a breezy entertainer, it ends up as an unsatisfactory watch.","Vishnu, Ramya Nambeesan, Soori, Appukutty and Sundar"
Seedan,Comedy,UA,25 Feb 2011,Nan,Jai,Ananya,3,2.6,"Though Subramaniam Siva meanders in the first half, he displays a much better grip in the second, which makes the movie an enjoyable watch.","Ananya, Jai Krishna, Dhanush, Vivek, Suhasini, Ilavarasu"
Padhinaru,Drama,UA,28 Jan 2011,Nan,Shiva,Madhu Shalini,3,2.4,"The message would have reached home better if he had delivered it in a short and sweet manner, much like the name of his movie.","Shiva, Madhu Shalini, Abhishek, Vineetha"
Kaavalan,Romance,UA,15 Jan 2011,Nan,Vijay,Asin,3,3.1,"Though it faced a lot of problems in its release, the success of the movie should hopefully persuade Vijay in delaying his political plans.","Vijay, Asin, Raj Kiran, Mithra Kurian and Roja"
Siruthai,Action,UA,14 Jan 2011,Nan,Karthik,Tamannaah,3,2.5,"Rocket Raja (Karthi) and Kaatupoochi (Santhanam) are conmen, always on the lookout for a trick to make a fast buck.","Karthi, Tamannah, Santhanam, Avinash and Baby Rakshana"
Rajapattai,Action,UA,23 Dec 2011,Nan,Vikram,,2.5,2,The director seems to have forgotten his homework and comes up with only a mildly interesting screenplay.,"Vikram, K Viswanath, Mithra Kurian, Deeksha Seth, Thambi Ramaiah, Pradeep Singh Rawat"
Vengayam,Thriller,UA,19 Aug 2011,2 hrs 15 mins,,,2.5,3.2,The film pretty much follows the formula of vigilante films but brings a couple of new things to the table.,"Alexander, Pavina, Sathyaraj"
Venghai,Drama,UA,08 Jul 2011,Nan,Dhanush,Tamannaah,2.5,2,"If this ‘Venghai’ succeeds in killing you, it is only because of boredom.","Dhanush, Tamannah, Prakash Raj, Raj Kiran"
Nootrenbadhu,Romance,UA,24 Jun 2011,Nan,Siddharth,Priya Anand,2.5,2.4,"Thankfully, the movie is just around 135 minutes long, and not as long as its title.","Siddharth, Priya Anand, Nithya Menen, Mouli, GeethaDirector -- Jayendra"
Ponnar Shankar,Drama,UA,09 Apr 2011,Nan,Prashanth,,2.5,2.4,Too many gaps in the story ensure that the movie never rises above its mediocrity and ends up being an epic disappointment.,"Prashanth, Divya Parameswaran, Pooja Chopra, Sneha, Nasser, Vijayakumar, Prakash Raj, Napoleon, Ponvannan, Kushboo, Jayaram, Rajkiran"
Nadunisi Naaygal,Thriller,UA,18 Feb 2011,Nan,Veera,Sameera Reddy,1.5,1.7,"Gautham Menon takes up a very pertinent issue as the theme, even though they do not all grow up to be the monster portrayed in the movie.","Veera, Sameera Reddy, Deva, Swapna Abraham"
Ilaignan,Drama,UA,14 Jan 2011,Nan,,,1.5,1.4,The archaic writing and hackneyed situations never allow ‘Ilaignan’ to grow among the audience and bloom into youth.,"Pa Vijay, Kushboo, Meera Jasmine, Ramya Nambeesan, Suman and Nasser"
Mappillai,Drama,UA,08 Apr 2011,Nan,Dhanush,Hansika Motwani,1,1.1,"Gayathri (Hansika Motwani), the daughter of a ruthless construc-tion magnate Rajeswari (Manisha Koirala), falls in love with Sara-vanan (Dhanush).","Dhanush, Hansika Motwani, Manisha Koirala, Vivek, Ashish Vidyarthi"
